1,CN,上海,浦东新区, 上海96广场, 上海市浦东东方路796号1层162-162号,61600123," 121.531882,31.233336",1
2,CN,上海,浦东新区, 上海八佰伴, 上海市张杨路501号八佰伴商场3楼,58350162," 121.523859,31.233777",
3,CN,上海,浦东新区, 上海东郊百联, 上海浦东新区沪南路2420号2F,50611075," 121.570347,31.160199",
4,CN,上海,浦东新区, 上海金桥国际, 张杨路3611弄7号115室金桥国际商场业广场一楼,60897950," 121.585329,31.263301",
5,CN,上海,浦东新区, 上海东方商厦杨浦店 , 上海杨浦区四平路2500号东方商厦2楼,55057470," 121.522258,31.304737",
6,CN,上海,浦东新区, 上海文峰广场 , 上海市浦东张杨北路801号文峰百货2楼,60340234," 121.593981,31.27751",
7,CN,上海,浦东新区, 上海联洋广场, 上海市浦东区芳甸路300号A区2楼214,61097230," 121.564469,31.232726",
8,CN,上海,浦东新区, 上海周浦万达, 上海浦东新区年家浜路518号万达广场C座1层132号,38210508," 121.519967,31.308229",
9,CN,上海,浦东新区, 上海巴黎春天成山店, 上海浦东新区成山路1993号2F,60891362," 121.542276,31.185243",
10,CN,上海,浦东新区, 上海浦东商场成山店, 上海浦东新区成山路500号2F,50758610," 121.514128,31.177601",
11,CN,上海,奉贤区, 上海奉贤东方, 上海市奉贤区百齐路288号南上海购物中心2F,33611997," 121.490345,30.92173",
12,CN,上海,卢湾区, 上海淮海百盛, 上海卢湾区淮海中路918号3楼,64183005," 121.465714,31.223551",
13,CN,上海,卢湾区, 上海淮海路街铺, 上海市卢湾区淮海中路658-666号商铺,53063732," 121.472481,31.225994",
14,CN,上海,徐汇区, 上海港汇广场, 上海市虹桥路1号（华山路口）港汇广场4F 303B,64078198," 121.444355,31.200891",
15,CN,上海,徐汇区, 上海汇金百货, 上海市肇嘉浜路1000号汇金百货2F,64269802," 121.446781,31.201587",
16,CN,上海,闵行区, 上海南方商城, 上海市闵行区沪闵路7388号友谊南方商城1F,64121524," 121.407448,31.13729",
17,CN,上海,闵行区, 上海莘庄百盛, 上海市闵行区都市路5001号莘庄百盛2F,34633095," 121.393179,31.112922",
18,CN,上海,闵行区, 上海仲盛世界商城, 上海市闵行区都市路5001号仲盛世界商场2F,34633337," 121.394387,31.114011",
19,CN,上海,徐汇区, 上海光启城, 上海市徐汇区宜山路455号2层270.271.272室,60740317," 121.434461,31.191047",
20,CN,上海,普陀区, 上海月星环球, 上海市普陀区中山北路3300号3楼L3077室,62866848," 121.418187,31.237998",
21,CN,上海,闵行区, 上海盛泰百货, 上海闵行区沪闵路9001-3上海南站盛泰购物中心B2,33637912," 121.434949,31.161371",
22,CN,上海,宝山区, 上海巴黎春天宝山店, 上海宝山区真华路888号2楼,66072018," 121.417527,31.276578",
23,CN,上海,普陀区, 上海华联普陀店, 上海普陀区金沙江路788号2楼,52650017," 121.405396,31.237964",
24,CN,上海,长宁区, 上海汇金天山店, 上海长宁区天山路900号（娄山关路口）2F,61242847," 121.411401,31.217287",
25,CN,上海,长宁区, 上海西郊百联, 上海长宁区仙霞西路88号,52653635," 121.376304,31.214403",
26,CN,上海,浦东新区, 上海金汇广场, 上海浦东新区华夏东路2255号2层,58379583," 121.701585,31.206665",
27,CN,上海,长宁区, 上海天山百盛店, 上海长宁区天山路789-889号3F,62253723," 121.40888,31.216586",
28,CN,上海,黄浦区, 上海南京东路街铺, 上海黄浦区南京东路588号世纪广场对面,53028596," 121.485919,31.241687",1
29,CN,上海,黄浦区, 上海置地广场, 上海市南京东路409-459号置地广场2F,63610071," 121.488749,31.242073",
30,CN,上海,黄浦区, 上海百联世贸, 上海南京东路819号4楼,63390805," 121.482016,31.240344",
31,CN,上海,徐汇区, 上海正大乐城, 上海市徐汇区中山南二路699号（近东安路路口）2楼,60130385," 121.464449,31.193259",
32,CN,上海,普陀区, 上海中环百联, 上海普陀区真光路1288号东方商厦2楼,61392531," 121.390032,31.251466",
33,CN,上海,普陀区, 上海我格广场, 上海普陀区武宁路101号我格广场2楼,52366889," 121.430213,31.243697",
34,CN,上海,长宁区, 上海龙之梦, 上海市长宁区长宁路1018号龙之梦购物中心2F 2089,62109231," 121.422825,31.224801",
35,CN,上海,黄浦区, 上海大悦城店, 上海黄浦区西藏北路166号大悦城307,36527522," 121.478726,31.24878",
36,CN,上海,虹口区, 上海龙之梦虹口店, 上海虹口区西江湾路388号B座2楼22-25,61670356," 121.48359,31.276723",
37,CN,上海,普陀区, 上海亚新生活广场, 上海普陀区长寿路401号2楼,52821692," 121.443652,31.245507",
38,CN,上海,嘉定区, 上海嘉定东方商厦, 上海市嘉定区城中路66号2F,60949629," 121.255208,31.386348",
39,CN,上海,嘉定区, 上海嘉定嘉葶荟, 上海嘉定墨玉南路1077号3号楼2F,69503657," 121.167381,31.294185",
40,CN,上海,嘉定区, 上海中冶祥腾, 上海市南翔镇真南路4368弄7号1层1506,31217758," 121.326376,31.302346",
41,CN,上海,嘉定区, 上海江桥万达, 上海金沙江西路1051弄1044.1045号商铺,60296107," 121.331103,31.247056",
42,CN,上海,闵行区, 上海巴黎春天七宝店, 上海闵行区七莘路3755号,60760005," 121.347912,31.172052",
43,CN,上海,松江区, 上海松江地, 上海市松江区新松江路925弄1层1029、1030号,57644822," 121.22455,31.04466",
44,CN,北京,东城区,北京东直门来福士,东城区东直门南大街1号3楼LILY,84094377,"116.438314,39.946117",1
45,CN,北京, 东城区, 北京新东安, 东城区王府井大街138号新东安广场四层LILY,65263521," 116.418095,39.921511",1
46,CN,北京, 东城区, 国瑞城, 北京市东城区崇外大街18号1幢北京国瑞购物中心F2层F2-4号,67116851," 116.425797,39.904638",
47,CN,北京, 西城区, 北京阜成门华联, 西城区阜成门外大街1号华联商厦3层LILY, 88371188-5335," 116.360959,39.929769",
48,CN,北京, 西城区, 西直门嘉茂, 北京市西城区西直门外大街1号西环广场二层LILY专柜,58301231," 116.359079,39.947106",
49,CN,北京, 西城区, 北京中友百货, 西城区西单北大街176号中友百货五层LILY专柜,66069730," 116.381348,39.915493",
50,CN,北京, 西城区, 新华百货, 北京市西城区新街口北大街1号三层LILY专柜,13366470296," 116.377868,39.953619",
51,CN,北京, 西城区, SOGO, 北京市西城区宣武门外大街8号庄胜崇光百货商场4层LILY ,13366467933," 116.382398,39.90277",
52,CN,北京, 海淀区, 北京城乡华懋, 海淀区复兴路甲23号城乡华懋3楼LILY,68298764," 116.315283,39.914967",
53,CN,北京, 海淀区, 北京甘家口, 北京市海淀区三里河路17号二层LILY专柜,13366468232," 116.340194,39.933123",
54,CN,北京, 海淀区, 万柳MALL, 北京市海淀区巴沟路2号的北京华联万柳购物中心二层LILY,13366465083," 116.301908,39.979222",
55,CN,北京, 海淀区, 新中关, 北京市海淀区中关村大街19号的新中关大厦三层LILY,15712887672," 116.322348,39.984364",
56,CN,北京, 海淀区, 北京欧美汇, 海淀区丹棱街甲1号-101第30单元2楼LILY,57218836," 116.320346,39.986278",
57,CN,北京, 顺义区, 北京顺义新世界,顺义区新顺南大街18号新世界千姿百货有限公司3楼LILY,15712849461," 116.658002,40.133101",
58,CN,北京, 海淀区, 北京华宇, 海淀区中关村南大街2号北京科技会展中心数码大厦B座3楼LILY ,15712867436," 116.329725,39.971018",
59,CN,北京, 顺义区, 顺义国泰, 北京市顺义区新顺南大街2号四层LILY专柜,13366470295," 116.658337,40.135852",
60,CN,北京, 大兴区, 北京大兴华堂, 大兴区康庄26号那尔水晶城华堂商场二层LILY,15712864629," 116.343981,39.763351",
61,CN,北京, 昌平区, 北京龙德广场, 昌平区立汤路186号龙德广场二层LILY,84846436," 116.421981,40.067253",
62,CN,北京, 昌平区, 北京天通苑华联, 昌平区太平兴园菜市场对面（天通苑地铁站）天通苑华联二层LILY,15712823359," 116.42015,40.074741",
63,CN,北京, 昌平区, 北京昌平国泰, 昌平区府学路甲24号（国泰）三层LILY专柜,80115035," 116.25002,40.226441",
64,CN,北京, 朝阳区, 北京朝北大悦城, 朝阳区朝阳北路101号朝阳大悦城四楼LILY,85563464," 116.524306,39.929783",
65,CN,北京, 朝阳区, 北京十里堡华堂, 朝阳区朝阳路十里堡华堂乙2号院5-6楼华堂商场二楼LILY,59145289," 116.511226,39.921781",
66,CN,北京, 朝阳区, 北京安贞华联, 朝阳区安贞西里五区4号楼安贞华联二层LILY, 64436880-5276," 116.407953,39.977536",
67,CN,北京, 朝阳区, 悠唐广场, 北京市朝阳区三丰北里2号楼301内005号006号007A号,13366467921," 116.446989,39.927542",
68,CN,北京, 朝阳区, 双桥国泰, 北京市朝阳区双桥路2号院2号楼二层LILY专柜,65702855," 116.583917,39.914012",
69,CN,北京, 朝阳区, 颐堤港 , 朝阳区酒仙桥路18号第217单元LILY专柜,84260778," 116.496943,39.976112",
70,CN,北京, 朝阳区, 北京望京华联, 朝阳区广顺北大街33号二层LILY, 84771188-6232," 116.475396,39.998791",
71,CN,北京, 朝阳区, 北京新世界三期, 北京市朝阳区建国路93号万达广场A座四层LILY专柜,13366468235," 116.479226,39.914801",
72,CN,北京, 石景山区, 北京石景山万达, 石景山区石景山万达广场步行街二层LILY,15712807233," 116.230724,39.911992",
73,CN,北京, 宣武区, 宣武天虹, 宣武区广安门外大街168号朗琴国际大厦 二楼LILY专柜,13366469277," 116.347798,39.8941",
74,CN,北京, 崇文区 , 北京新世界二期 , 崇文门大街新世界二期二楼LILY ,56231230," 116.423639,39.903151 ",
75,CN,深圳,罗湖区,东门茂业,深圳市罗湖区东门中路2047号茂业百货3楼LILY专柜,0755-25166057,"114.127676,22.553452",
76,CN,深圳, 罗湖区, 和平茂业, 深圳市和平路3009号茂业百货2楼LILY专柜, 0755-25854016," 114.120695,22.550699",
77,CN,深圳, 罗湖区, 国贸天虹, 深圳市罗湖区人民南路3002号国贸天虹2楼LILY专柜, 0755-82213406," 114.125679,22.547495",
78,CN,深圳, 龙岗区, 双龙天虹, 深圳市龙岗区龙岗镇深惠公路956号龙盈泰商业中心天虹商场3楼3025号LILY专柜, 0755-28832287," 114.284282,22.734594",
79,CN,深圳, 龙华新区, 东环天虹, 深圳龙华新区东环一路1号2楼(皇嘉中心旁|中保国际酒店附近)LILY专柜, 0755-23088053," 114.055787,22.646859",
80,CN,深圳, 南山区, 沙河天虹, 白石路与深湾二路交汇处京基百纳广场内二层LILY专柜, 0755-86286427," 113.975822,22.536383",
81,CN,深圳, 南山区, 南山常兴天虹, 深圳市南山桃园路86号常兴天虹商场3楼LILY专柜, 0755-86061601," 113.928448,22.538561",
82,CN,深圳, 南山区, 前海天虹, 深圳市南山区深南大道与前海路交汇处振业商务中心楼天虹商场2楼LILY专柜, 0755-86548902," 113.920856,22.546293",
83,CN,深圳, 南山区, 花园城, 南山区蛇口东滨路与南海大道交汇处花园城中心2楼217商铺LILY专卖, 0755-26880052," 113.929759,22.508317",
84,CN,深圳, 南山区, 南山欢乐颂, 深圳市南山区南新路3030号华润南山欢乐颂购物中心2楼LILY专柜, 0755-86646930," 113.926341,22.541129",
85,CN,深圳, 宝安区, 左邻香颂, 深圳市宝安龙华新区民治街道民治大道西侧绿景佐邻香颂购物中心一层N-L178号LILY专卖, 0755-23590292," 114.042182,22.635886",
86,CN,深圳, 宝安区, 前进天虹, 深圳市宝安前进路34-2区黄金台商业大厦前进天虹商场二楼LILY专柜 , 0755-29613857," 113.897801,22.583592",
87,CN,深圳, 宝安区, 西乡天虹, 深圳市宝安区西乡大道与新湖路交汇处西乡天虹商场2楼LILY专柜, 0755-23573855," 113.900497,22.584756",
88,CN,深圳, 福田区, 华强紫荆城, 深圳市华强北振兴路55号紫荆城一层二层LILY专卖店, 0755-22664102," 114.095373,22.552334",
89,CN,深圳, 福田区, 卓越世纪, 深圳市福田区福华三路口与金田路交汇处卓越世纪中心4号楼221-222号LILY专卖, 0755-83232874," 114.070467,22.537714",
90,CN,深圳, 福田区, 华强茂业, 深圳市华强北路2006号茂业百货4楼LILY专柜, 0755-83015089," 114.092898,22.551287",
91,CN,深圳, 福田区, 梅林天虹, 深圳市福田区梅林路梅林天虹3楼LILY专柜, 0755-82956876," 114.067626,22.573615",
92,CN,深圳, 福田区, COCOPARK, 深圳市福田中心区福华三路269号福田星河COCOPark负一楼B1S-009、010号商铺LILY专卖, 0755-83296037," 114.060537,22.538657",
93,CN,深圳, 福田区, 中心城, 深圳市福田区福华一路中心城商场G层中庭LILY专卖, 0755-82801255," 114.066663,22.542212",1
94,CN,深圳, 福田区 , 深南茂业 , 深圳市福田区深南中路2020号新华宾馆茂来百货2楼LILY专柜 , 0755-83548321," 114.099155,22.546948",
95,CN,广州,荔湾区,新光百货,广州市荔湾区康王中路666号新光城市广场2楼LILY专柜,020-81336315,"113.254345,23.13037",
96,CN,广州, 越秀区, 广百东山店, 广东省广州市越秀区农林下路37号 广州百货东山店2楼LILY专柜, 020-87676517," 113.303861,23.135615",
97,CN,广州, 越秀区, 中华广场, 广州市越秀区中山三路33号中华广场负一楼A20号LILY专卖, 020-83739146," 113.289307,23.131837",
98,CN,广州, 天河区, 正佳广场, 广州市天河区天河路228号正佳广场1F-1A032L.1A032M号LILY专卖店, 020-38350621," 113.333869,23.138652",1
99,CN,广州, 白云区, 5号停机坪 , 广州市白云区云霄路353栋5号停机坪首层L1077N号商铺LILY专卖, 020-36077860," 113.27086,23.185818 ",
100,CN,武汉,武昌区,武汉徐东销品茂,湖北省武汉市武昌区徐东一路徐东销品茂2楼LILY专柜,027-68898792,"114.352312,30.59566",
101,CN,武汉, 武昌区, 武汉鲁巷广场, 湖北省武汉市武昌区珞喻路726号鲁巷广场购物中心三楼LILY专柜,0," 114.403353,30.512604",
102,CN,武汉, 江汉区, 武汉菱角湖万达, 湖北省武汉市江汉区唐家墩路5号菱角湖万达广场二楼2-6LILY专柜, 027-85698590," 114.274772,30.615614",
103,CN,武汉, 江汉区, 武汉中山路大洋百货, 湖北省武汉市江汉区中山大道890号大洋百货三楼LILY专柜, 027-82456985," 114.296457,30.583278",
104,CN,武汉, 江汉区, 武汉汉商21世纪, 湖北省武汉市汉阳区汉阳大道687号汉商21世纪购物广场二楼LILY专柜, 027-84958096," 114.217523,30.567456",
105,CN,武汉, 江汉区, 武汉汉商武展店, 湖北省武汉市汉口解放大道372-374号负一楼A区LILY专柜,0," 114.27903,30.587366",
106,CN,武汉, 蔡甸区, 武汉经开万达, 湖北省武汉市经济技术开发区经开万达广场A区购物中心室内步行街一层131号LILY专柜, 027-84250768," 114.180239,30.512865",1
107,CN,武汉, 青山区 , 武汉青山商场 , 湖北省武汉市青山区武昌和平大道1542号二楼LILY专柜 , 027-86338958 ," 114.409172,30.645178",
108,CN,芜湖市,,安徽芜湖-华亿国际,芜湖市镜湖区中山北路华亿国际购物中心B座三楼,0553-3889418,"118.377413,31.336347",
109,CN,芜湖市,,安徽芜湖-万达,芜湖市镜湖区万达广场室内步行街二楼LILY专卖店,0553-3997108,"118.404736,31.344512",
110,CN,宣城市,,安徽-宣城新百LILY,宣城市府山广场新百百货三楼,0563-2828322,"118.767894,30.95201",
111,CN,宣城市,,安徽宣城-八佰伴,宣城市叠嶂西路12号八佰伴商场三楼lily,0563-3025725,"118.762194,30.950024",
112,CN,淮南市,,淮南-华联,安徽淮南龙湖中路一号华联商厦三楼LILY,18955458503,"117.023973,32.647187",
113,CN,六安市,,安徽六安-白云商场,安徽省六安市解放中路明珠广场B1-20号白云商厦2楼lily专柜,18956416013,"116.503129,31.760112",
114,CN,淮北市,,淮北鼎盛国际,安徽淮北市淮海中路69号二层LILY专柜,13856125522,"116.800507,33.978555",
115,CN,合肥市,,安徽合肥-国购广场,合肥市三里庵国购广场一楼,0551-65370268,"117.262052,31.860515",
116,CN,合肥市,,安徽合肥-之心城,合肥市三里庵之心城二楼,0551-65171631,"117.263662,31.861071",
117,CN,合肥市,,安徽合肥-宿州路专卖,合肥宿州路48号,0551-62617916,"117.295745,31.866637",
118,CN,合肥市,,安徽合肥-华联LILY专柜,合肥市濉溪路与蒙城路交叉口北京华联商场一楼,0551-65530569,"117.285154,31.885694",
119,CN,滁州市,,安徽滁州-白云商厦,滁州市南谯北路738号白云商厦三楼,15955003731,"118.317814,32.311871",
120,CN,合肥市,,安徽合肥-宿州中央商场,宿州市宿州中央广场购物中心三楼,18225576098,"116.987666,33.638698",
121,CN,合肥市,,安徽合肥-宿州华夏,安徽省宿州市埇桥区淮海中路和汴河路交叉口 华夏商场二楼,13855770181,"116.988313,33.638202",
122,CN,亳州市,,安徽亳州-金瑞银泰,亳州市金瑞银泰商场二楼,15056789561,"115.792286,33.864281",
123,CN,阜阳市,,安徽阜阳-千百意专柜,阜阳市市人民路阜阳千百意商场三楼,0558-2277879,"115.829987,32.911743",
124,CN,铜陵市,,安徽铜陵-财富广场专卖,安徽省铜陵市铜官山区财富广场2栋112号lily专卖,,"117.824668,30.933531",
125,CN,连云港市,,连云港-九龙,江苏省连云港市新浦区通灌北路118号九龙大世界三楼lily专柜,,"119.190032,34.607801",
126,CN,东台市,,江苏东台市罗莉莉,江苏省东台市鼓楼中路步行街87号,,"120.32357,32.851697",
127,CN,高邮市,,江苏高邮-专卖,江苏省高邮市商业步行街六号,,"119.4464,32.791152",
128,CN,海门市,,江苏海门-解放路专卖,江苏省海门市解放中路584号,,"121.18473,31.90043",
129,CN,扬州市,,江苏江都-龙川专卖,江苏省扬州市江都区龙川商业步行街A123,,"119.567309,32.436355",
130,CN,南通市,,江苏南通-西南营专卖,南通市崇川区环城南路90-1号,,"120.871037,32.019512",
131,CN,宿迁市,,江苏宿迁-金鹰,江苏省宿迁市宿城区金鹰国际三楼lily,,"118.297069,33.96144",
132,CN,宿迁市,,江苏-宿迁沭阳,江苏省宿迁市金三角商贸区 街/路 21号,,"118.723717,33.71601",
133,CN,泰兴市,,江苏泰兴-LILY专卖,江苏泰兴市苏利巷富兴达商住楼鼓南营业房60号LILY专卖店,,"120.026462,32.174525",
134,CN,泰州市,,江苏-泰州万达,江苏省泰州市海陵区万达广场一楼1081LILY专卖,,"119.923432,32.477363",
135,CN,盐城市,,江苏盐城-建湖专卖店,江苏省盐城市建湖县兴阳路兴湖花苑商业A区VI分区11,,"120.288085,33.773523",
136,CN,盐城市,,江苏-盐城商业,12号,,"120.138011,33.388298",
137,CN,张家港市,,江苏张家港-国购,张家港市国际购物中心2楼 步行街2号,,"120.552831,31.86801",
138,CN,无锡市,,江苏无锡-三阳百盛,无锡崇安区三阳百盛127号3楼LILY专柜,18921508071,"120.307674,31.581352",
139,CN,无锡市,,江苏无锡-百盛2宝龙,无锡新区百盛（宝龙店）二楼LILY专柜,13338116830,"120.359813,31.546954",
140,CN,无锡市,,江苏无锡-江阴新一城,江苏省江阴市澄江中路新一城购物中心一楼LILY,0510-68170017,"120.30426,31.929459",
141,CN,无锡市,,江苏无锡-宜兴新东方,宜兴市人民中路216号新东方百货2楼LILY专柜,0510-87221686,"119.824036,31.370558",
142,CN,无锡市,,江苏无锡-宜兴万达,宜兴市宜城街道东虹路550号万达广场1033号 LILY专柜,0510-87022869,"119.847074,31.370912",
143,CN,无锡市,,江苏无锡-八佰伴,无锡市中山路168号无锡八佰伴4楼lily专柜,,"120.309153,31.577267",
144,CN,苏州市,,江苏苏州-石路国际,苏州石路国际3楼LILY专柜,0512-65830723,"120.608341,31.318137",1
145,CN,苏州市,,江苏-苏州一百,苏州人民路1381号2楼LILY专柜,13390884344,"120.627565,31.316529",
146,CN,苏州市,,江苏-苏州一百,苏州人民路1381号2楼LILY专柜,13390884344,"120.627565,31.316529",
147,CN,苏州市,,江苏苏州-常熟百盛,常熟市方塔街106号3楼lily专柜,,"120.74784,31.649821",
148,CN,苏州市,,江苏苏州-天虹,苏州园区苏雅路388号3楼LILY专柜,0512-62800423,"120.671045,31.321808",
149,CN,太仓市,,江苏太仓-专卖,江苏省太仓市人民南路95号 A103号 LILY,0512-53951978,"121.114864,31.451241",
150,CN,太仓市,,江苏-太仓万达,太仓市城厢镇人民南路95号103 LILY专柜,,"121.115277,31.451064",
151,CN,吴江市,,江苏吴江-正翔商业广场,江苏省吴江市松陵镇江兴西路469号正翔商业广场一楼1055 LILY女装,0512-82072628,"120.647229,31.175488",
152,CN,吴江市,,江苏盛泽-春之声,吴江市盛泽镇观音弄春之声商业广场Lily女装（已关店）,,"120.664616,30.9106",
153,CN,昆山市,,江苏-昆山百盛,昆山前进西路300号百盛购物中心lily专柜,,"120.961216,31.38847",
154,CN,瑞昌市,,江西-瑞昌联盛店,江西省瑞昌市赤乌中路联盛购物广场2楼LILY,,"115.670927,29.68161",
155,CN,南昌市,,江西南昌-中山路专卖,南昌中山路119号LILY女装店,86268396,"115.89783,28.68149",
156,CN,南昌市,,江西南昌-天虹,江西省南昌市中山路318号中山天虹3楼LILY专柜,86778371,"115.898558,28.681529",
157,CN,南昌市,,江西南昌-红谷天虹,江西省南昌市红谷滩新区丽景路口388号,83971392,"115.85905,28.68042",
158,CN,南昌市,,江西南昌-红谷滩联发,南昌市红谷滩新区绿茵路129号联发广场2楼lily专柜,83989252,"115.870326,28.695071",
159,CN,上饶市,,江西上饶-广丰街铺,江西省广丰县时代广场2栋113-114号lily专卖店,,"118.191801,28.442659",
160,CN,上饶市,,上饶-步行街专卖,江西省上饶市赣东北大道47号,,"117.977867,28.44919",
161,CN,上饶市,,上饶-洪客隆,江西省上饶市洪客隆商场三楼LILY专柜,,"117.974431,28.45233",
162,CN,新余市,,江西新余-步步高,江西省新余市胜利北路步步高购物广场3楼lily,,"114.945288,27.809873",
163,CN,宜春市,,江西-宜春步步高,江西省宜春市中山路步步高三楼LILY专柜,,"114.3999,27.811275",
164,CN,青岛市,,青岛-李沧万达LILY,青岛市李沧区巨峰路178号李沧万达广场2楼LILY专卖店,13325010870,"120.44161,36.17394",
165,CN,青岛市,,山东青岛-麦凯乐,青岛市市南区香港中路69号青岛麦凯乐3楼LILY专柜,13375583991,"120.409663,36.071403",
166,CN,青岛市,,山东青岛-黄岛麦凯乐,青岛市黄岛区长江中路228号黄岛麦凯乐2楼LILY专柜,13335061587,"120.196599,35.9603",
167,CN,青岛市,,山东青岛-台东利群LILY,青岛市市北区台东三路77号台东利群3楼LILY专柜,15318861833,"120.362713,36.088365",
168,CN,东营市,,山东东营-振华,东营市东营区振华商厦3楼,13505468748,"118.521544,37.467848",
169,CN,东营市,,山东东营-百货大楼,东营市东营区百货大楼4楼,18866479089,"118.498796,37.467002",
170,CN,济南市,,山东济南-万千,济南市经四路5号F3层,,"117.008568,36.66838",
171,CN,滨州市,,山东滨州-邹平银座,山东省滨州市邹平县邹平银座商城2楼,,"117.746877,36.887878",
172,CN,滨州市,,山东-滨州步行街,山东省滨州市新悦国际137号和138号,,"118.026201,37.38077",
173,CN,德州市,,山东德州-百货大楼,山东省 德州市 湖滨中大道118号 2 层,,"116.316119,37.450837",
174,CN,济宁市,,山东济宁-运城河LILY,山东省济宁市济宁运河城购物中心2楼,,"116.596494,35.413198",
175,CN,济宁市,,山东邹城-贵和,山东济宁市邹城县贵和购物中心2楼,,"116.597304,35.412481",
176,CN,临沂市,,山东临沂-桃园,山东省临沂市临沂桃园商厦3楼,,"118.341936,35.06649",
177,CN,临沂市,,山东-临沂苍山,临沂市苍山县宝庆商城1楼,,"118.077003,34.855506",
178,CN,淄博市,,山东-淄博张店步行街,山东省淄博市张店步行街,,"118.048602,36.821472",
179,CN,滕州市,,山东滕州-银座商城,山东省滕州市银座商城2楼,,"117.161182,35.088245",
180,CN,菏泽市,,山东菏泽-香格里拉步行街,山东省菏泽市菏泽香格里拉步行街1楼,,"115.470868,35.244614",
181,CN,泰安市,,山东泰安-中百LILY,山东省泰安市财源大街90号二层,,"117.131976,36.193883",
182,CN,兖州市,,山东兖州-贵和店,山东省兖州市建设路103号2层,,"116.829053,35.561571",
183,CN,龙口市,,山东烟台-龙口博商,龙口市东莱街道258号,15154557517,"120.535947,37.651917",
184,CN,寿光市,,山东潍坊-中百寿光,寿光市银海路17号中百大厦二楼女装LILY,5190896,"118.755847,36.885976",
185,CN,潍坊市,,山东潍坊-中百寿光,潍坊市胜利西街233号中百大厦三楼淑女装LILY,8396510,"119.112771,36.713944",
186,CN,潍坊市,,山东潍坊-中百胜利,潍坊市新华路与福寿街交叉路口中百大厦圣荣店三楼淑女装LILY,8465759,"119.15482,36.726748",
187,CN,威海市,,山东威海-华联,威海市环翠区新威路58号威海华联商厦四楼LILY,0631-5199608,"122.127796,37.509672",
188,CN,烟台市,,山东烟台振华购物中心,山东省烟台市芝罘区北大西街16号2楼lily专柜,0535-6582053,"121.395053,37.547934",
189,CN,烟台市,,山东烟台-莱山振华,山东省烟台市莱山区迎春大街253号莱山振华2层lily专柜,,"121.439278,37.460749",
190,CN,宁波市,,浙江宁波-世纪东方,宁波市江东区中山东路1083号世纪东方广场二楼,87139692,"121.600039,29.868012",
191,CN,宁波市,,宁波-鄞州万达,宁波市鄞州区万达广场1A-13,83050539,"121.552726,29.831719",
192,CN,宁波市,,宁波-江北万达,1A-15,83870250,"121.53689,29.922532",
193,CN,余姚市,,浙江余姚-金泰商厦,余姚市南滨江路168号金泰百货二楼LILY专柜,62733336,"121.163074,30.052096",
194,CN,余姚市,,浙江余姚-华联,余姚市新建路55号华联商厦二楼LILY专柜,62626515,"121.163213,30.055327",
195,CN,绍兴市,,绍兴-柯桥万达,柯桥万达广场室内步行街1017-1018号,0575-81190018,"120.516301,30.098593",
196,CN,绍兴市,,浙江绍兴-柯桥天虹,柯桥笛扬路富丽华大酒店对面天虹商场2楼,0575-81109760,"120.497204,30.090008",
197,CN,绍兴市,,浙江绍兴-世茂LILY,浙江省绍兴市胜利东路360号世贸广场1层,,"120.601205,30.010202",
198,CN,绍兴市,,浙江绍兴-润和杭大,绍兴市解放北路515号润和购物中心2F青春少女馆LILY,,"120.587245,30.004033",
199,CN,湖州市,,浙江湖州-星火百货,湖州市志成路9-11号星火百货三楼LILY专柜,2053578,"120.107323,30.871738",
200,CN,湖州市,,浙江湖州-长兴浙北,长兴县金陵北路258号长兴浙北大厦购物广场二楼LILY专柜,6127833,"119.910136,31.025667",
201,CN,湖州市,,浙江湖州-南浔浙北,浙江省湖州市南浔镇江南路73号世纪商城浙北大厦南浔店二楼LILY专柜,3876052,"120.426972,30.880327",
202,CN,嘉兴市,,浙江嘉兴-戴梦得,嘉兴市戴梦得2层LILY专柜（中山路与禾兴路交叉口）,,"120.768758,30.747242",
203,CN,嘉兴市,,浙江嘉兴-天虹,浙江省嘉兴市天虹百货LILY专柜,,"120.715012,30.768228",
204,CN,临海市,,浙江临海-中山专卖,浙江省临海市中山中路22号,,"120.177391,30.245015",
205,CN,金华市,,浙江浦江-新华东路专卖店,浙江省浦江县新华东路87号,,"119.89613,29.462963",
206,CN,上虞市,,浙江绍兴-上虞新大通,浙江省上虞市市民大道689号3楼LILY专柜,,"120.879709,30.038883",
207,CN,台州市,,椒江-耀达百货,台州市椒江区市府大街耀达百货3楼LILY专柜,,"121.436997,28.65776",
208,CN,台州市,,椒江-陆桥商城,台州市路桥新东方华联购物中心二楼LILY专柜,,"121.380324,28.584402",
209,CN,台州市,,浙江台州-锦盛购物,浙江台州玉环珠港镇广陵路与泰安路交汇口锦盛购物中心二楼lily专柜,,"121.238374,28.136183",
210,CN,桐乡市,,浙江桐乡-城河路LILY专卖,浙江省桐乡市城河路393号,0573-88211299,"120.556852,30.64016",
211,CN,温州市,,浙江温州-龙湾万达LILY,"温州龙湾区万达广场,龙湾永中街道永定路1188号",0577-55888388,"120.818162,27.92566",
212,CN,福州市,,福州-天虹,福州万象城天虹百货二楼LILY专柜,,"119.296793,26.07068",
213,CN,福州市,,福州-西洪路专卖,福州市鼓楼区西洪小区1#2#楼8#店,,"119.291574,26.091777",
214,CN,福州市,,福州-万千百货金融街店,关店,,,
215,CN,南安市,,福建南安-东南广场店,福建省南安市水头镇东南广场28栋110号,,"118.43386,24.713141",
216,CN,龙岩市,,福建龙岩-永定锦绣,福建省龙岩市永定县下坑锦绣华庭尊地购物中心一楼1006,,"116.738029,24.721913",
217,CN,漳州市,,福建漳州-中闽百汇,福建漳州延安北路1号中闽百汇商场4楼,0596—2023597,"117.661249,24.514099",
218,CN,漳州市,,福建-漳州万达LILY,福建漳州市龙文区建元路万达广场L2-22,,"117.673744,24.504954",
219,CN,泉州市,,福建泉州-涂门中闽百汇,福建漳州延安北路1号中闽百汇商场4楼,0596—2023597,"118.596784,24.909743",
220,CN,泉州市,,福建泉州-惠安中闽百汇,福建漳州市龙文区建元路万达广场L2-22,,"118.806986,25.0398",
221,CN,厦门市,,福建厦门-火车站巴春,福建厦门市思明区厦禾路878-888号 禹洲世贸商城巴黎春天百货４F,5801089,"118.119843,24.474134",
222,CN,厦门市,,福建-厦门SM店,福建省厦门市嘉禾路468号 厦门SM城市广场2F,5136137,"118.133588,24.507609",
223,CN,厦门市,,福建-厦门罗宾森,福建厦门市思明区厦禾路889-899号 罗宾森购物广场2F,,"118.118708,24.475149",
224,CN,厦门市,,福建厦门-加州广场,福建省厦门市思明区莲前东路123号加州城市广场1层LILY专店,5231578,"118.164453,24.482504",
225,CN,佛山市,,广东佛山-保利水城,广东省佛山市南海区桂城街道灯湖东路20号保利水城首层LILY商铺（麦当劳）旁,,"113.154967,23.068551",
226,CN,佛山市,,广东佛山-顺德吉之岛,广东省佛山市顺德区大良街道南国东路顺成广场（吉之岛）二楼218LILY商铺,,"113.126185,23.042763",
227,CN,佛山市,,广东佛山-鹏瑞利广场,佛山市南海区桂城桂澜南路45号鹏瑞利季华广场一楼lily商铺,,,
228,CN,惠州市,,广东惠州-LILY专卖,广东省惠州市惠城区东平东湖西路8号永旺购物中心二楼 lily专柜,0752--3183089,"114.437078,23.09256",
229,CN,汕头市,,广东汕头-百盛,广东省汕头市湖区长平路中段百盛三楼LILY专柜,,"116.712756,23.36762",
230,CN,珠海市,,珠海迎宾,珠海市香洲区拱北迎宾广场一楼lily,0756-8899480,"113.560011,22.229433",
231,CN,南宁市,,广西南宁-新梦,南宁市民族大道中段49号梦之岛百货三楼LILY专柜,0773-2566393,"108.342317,22.819511",
232,CN,南宁市,,广西南宁-百货大楼,南宁市兴宁区朝阳路39号百货大楼二楼LILY专柜,,"108.326898,22.823675",
233,CN,南宁市,,广西南宁-百盛,南宁市兴宁区朝阳路青云街18号南宁柏联百盛四楼LILY专柜,0771-2639543,"108.329522,22.820261",
234,CN,南宁市,,广西南宁-水晶城,南宁市金湖路61号南宁梦之岛水晶城二楼LILY专柜,0771-5503663,"108.376211,22.823388",
235,CN,南宁市,,广西南宁-西南商都,南宁市兴宁区朝阳路29号西南商都百盛四楼LILY专柜,0771-2675291,"108.327613,22.821264",
236,CN,桂林市,,广西桂林-梦之岛,桂林象山区中山中路20号桂林梦之岛百货二楼LILY专柜,,"110.300197,25.27971",
237,CN,百色市,,广西百色-恒基,广西百色市恒基广场A2325号LILY专柜,0776-2873809,"106.622085,23.903944",
238,CN,百色市,,广西百色-金牌广场LILY专卖,广西百色市中山一路金牌大酒店品牌广场七号,0776-2855898,"106.624252,23.903477",
239,CN,百色市,,广西百色-阳光新城,店铺转到金牌广场LILY专场,0776-2855898,,
240,CN,北海市,,广西北海-和安,北海市北部湾中路和安商港二楼LILY专柜,0776-2855898,"109.120907,21.479414",
241,CN,东兴市,,广西东兴-北仑大道专卖,广西省东兴市北仑大道202号,0776-2855898,"107.978705,21.549223",
242,CN,柳州市,,广西柳州-优越百货,柳州市飞蛾二路1号谷埠街国际商城B区二楼LILY专柜,,"109.41605,24.308884",
243,CN,玉林市,,广西玉林-金城商厦,广西省玉林市金城商厦三楼LILY,0776-2855898,"110.163533,22.638316",
244,CN,贵阳市,,贵州贵阳-星力瑞金,大西门,5282770,"106.713359,26.583601",
245,CN,贵阳市,,贵州贵阳-龙港百盛,贵阳中华中路,,"106.719265,26.58487",
246,CN,贵阳市,,贵州贵阳-国贸国晨,大西门,5840676,"106.714369,26.583186",
247,CN,贵阳市,,贵州贵阳-智诚,大十字,5814354,"106.72043,26.590855",
248,CN,遵义市,,贵州遵义-国贸,遵义红花岗区中山路,,"106.932584,27.688308",
249,CN,毕节市,,贵州毕节-彭丽,毕节一中19号,,"105.292215,27.303119",
250,CN,毕节市,,贵州毕节-桂花路专卖,毕节桂花路,,"105.289929,27.306037",
251,CN,安顺市,,贵州-安顺中环店,安顺中环路,13595356611,"105.941641,26.251918",
252,CN,凯里市,,贵州凯里-秦蓉,北京东路,13688557766,"107.989106,26.5892",
253,CN,铜仁市,,贵州黔南-都匀LILY,铜仁市剑江中路,,"107.521566,26.268729",
254,CN,铜仁市,,贵州-铜仁LILY,铜仁市地王广场,15329060858,"109.199129,27.725199",
255,CN,铜仁市,,贵州铜仁-松桃专卖,松桃县金阳广场,13638113477,"109.207857,28.171212",
256,CN,海口市,,海口-东方广场,海口市龙华一横路99号东方广场三楼LLILY专柜,0898-66115199,"110.344272,20.044538",
257,CN,海口市,,海口-望海国际,海南省 海口市 海秀东路8号 望海国际广场2楼LILY专柜,0898-66765282,"110.351848,20.036515",
258,CN,儋州市,,海南-儋州店,海南省儋州市那大解放路三角街[新华书店对面]东方广场二楼lily专柜,0898-23837832,"110.344447,20.044534",
259,CN,平顶山市,",",平顶山-世贸,河南省平顶山市鹰城世贸二楼LILY,,"113.316258,33.745464",
260,CN,平顶山市,,河南平顶山-丹尼斯,河南省平顶山市丹尼斯百货商场二楼LILY柜,,"113.313203,33.746132",
261,CN,郑州市,,郑州-大商国贸,郑州市金水区花园路39号国贸中心(农业路口）,0371-65701384,"113.688132,34.790724",
262,CN,郑州市,,郑州-百盛,郑州市二七区东太康路72号（近人民路）,0371-66255589,"113.677263,34.760525",
263,CN,郑州市,,郑州北京华联商厦,郑州市二七区二七路230号二七广场(近火车站),0371-66283885,"113.673309,34.758579",
264,CN,郑州市,,河南郑州-花园路专卖,郑州市金水区花园路83号,0371-65909033,"113.688365,34.774125",
265,CN,郑州市,,河南郑州-王府井百货,中原区棉纺路(桐柏路口),0371-86546982,"113.619902,34.76673",
266,CN,郑州市,,河南郑州-金博大,郑州市二七区北二七路200号金博大城,0371-66036535,"113.672425,34.761126",
267,CN,长葛市,,河南-长葛保盛,长葛市保盛生活广场百货馆2楼lily专柜,,"113.794835,34.223349",
268,CN,许昌市,,郑州许昌-胖东来,许昌市颍昌大道804号胖东来生活广场二楼 LILY专柜,0374-2652746,"113.831895,34.023248",
269,CN,许昌市,,河南许昌-禹州LILY,许昌市禹州迎宾路东段lily专卖店,0374-8255868,"113.486261,34.162159",
270,CN,信阳市,,郑州信阳-和美,信阳市东方红大道中段 西亚和美广场二楼LILY专柜,15978368126,"114.075244,32.128057",
271,CN,信阳市,,河南郑州-信阳天润百货,信阳市建设路与人民路交叉口天润广场二楼lily专柜,0376-3228585,"114.087246,32.131753",
272,CN,安阳市,,河南-安阳LILY,安阳市文峰区文峰中路彰德府丹尼斯二楼lily专柜,15637206927,"114.366012,36.104365",
273,CN,焦作市,,郑州焦作-三维,河南省焦作市解放路908号焦作三维商业广场二楼LILY专柜,15993759707,"113.237026,35.247621",
274,CN,开封市,,郑州开封-新玛特,开封市大商新玛特2楼lily专柜,13333781380,"114.356409,34.806546",
275,CN,周口市,,河南周口-万顺达,河南省周口市五一路与七一路交叉口万顺达百货LILY专柜,0394-8281116,"114.65525,33.623285",
276,CN,驻马店市,,河南驻马店-新玛特,驻马店市乐山大道大商新玛特二楼LILY专柜,0396-2369229,"114.039072,32.985025",
277,CN,漯河市,,河南郑州漯河-专卖（千盛百货）,漯河市交通路千盛百货二楼LILY专柜,0395-5598216,"114.04519,33.576781",
278,CN,南阳市,,-河南省南阳红都LILY专柜,南阳市宛城区人民南路755号红都百货2楼LILY女装,0377-60668816,"112.543225,33.003271",
279,CN,南阳市,,河南南阳-西峡专卖,南阳市西峡县白羽路与电厂路交叉口隆晟名店2楼lily专柜,0377-69973888,"111.491415,33.30791",
280,CN,南阳市,,河南镇平LILY,南阳市 镇平县 校场路LILY专卖店,15238118787,"112.240289,33.040576",
281,CN,濮阳市,,河南濮阳-百姓生活广场,濮阳市黄河路百姓生活广场2楼lily专柜,0393-8585588,"115.068883,35.777393",
282,CN,新乡市,,郑州新乡-胖东来,河南省新乡市平原路与胜利路胖东来百货二楼LILY专柜,0373-2033565,"113.883459,35.311451",
283,CN,新乡市,,河南长垣-LILY专卖,长垣县龙山商业街lily专卖店,,"114.692483,35.201188",
284,CN,巩义市,,郑州巩义-星月,巩义市星月时代广场二楼lily,0371-69598258,"112.991374,34.760731",
285,CN,鹤壁市,,-河南省鹤壁裕隆LILY专柜,鹤壁市裕隆购物中心（金泰店）3楼,0392-6911073,"114.300072,35.757456",
286,CN,商丘市,,郑州-商丘LILY,郑州-商丘LILY,0370-2983611,"115.661766,34.445093",
287,CN,洛阳市,,河南洛阳-万达,洛阳市万达广场一楼lily专柜,0379-64155998,"112.414752,34.660188",
288,CN,洛阳市,,河南洛阳-凯旋广场,洛阳市西工区人民东路与中州中路交汇处往东200米路南建业凯旋广场,,"112.454106,34.680378",
289,CN,新郑市,,河南新郑-炎黄广场,新郑市炎黄广场洧水路,0371-69656669,"113.743592,34.400907",
290,CN,郑州市,,河南郑州-中原万达,郑州市中原路与秦岭路交叉口,,"113.609077,34.753",1
291,CN,长沙市,,湖南长沙-友谊商城,长沙市劳动中路友谊商城三楼LILY专柜,0731-85818338,"113.001656,28.174245",
292,CN,长沙市,,湖南长沙-万达,长沙市解放西路万达LILY,0731-82250405,"112.981778,28.196804",
293,CN,长沙市,,湖南长沙-家润多,长沙市人民路立交桥西友阿百货二楼LILY专柜,0731-84938925,"113.014225,28.190746",
294,CN,长沙市,,湖南长沙-友谊商店,长沙市芙蓉区袁家岭五一大道368号友谊商店B座五楼LILY专柜,0731-84144729,"113.004142,28.201531",
295,CN,长沙市,,湖南长沙-悦方IDMALL,长沙市天心区坡子街216号悦方购物中心三楼320（LILY专柜）,0731-89740865,"112.981486,28.195403",
296,CN,长沙市,,湖南-长沙星沙专柜,星沙开元路1号通程商业广场LILY专卖,,"113.091814,28.251301",
297,CN,长沙市,,湖南长沙-友阿奥特莱斯,湖南省长沙市天心区芙蓉南路三段27号16121号LILY专卖店,,"112.996784,28.076257",
298,CN,长沙市,,湖南长沙-平和堂四店,"长沙市岳麓区岳麓大道57号,平和堂（中国）有限公司长沙奥克斯广场分店 三楼LILY",0731-89601467,"112.960818,28.231554",
299,CN,长沙市,,湖南长沙-五一路平和堂,湖南省长沙市黄兴中路88号平和堂商贸大厦三楼LILY专柜,,"112.983745,28.199884",1
300,CN,株洲市,,株洲平和堂,株洲市芦淞区车站路61号平和堂一楼LILY柜,0731-22833561,"113.16029,27.840398",
301,CN,株洲市,,株洲王府井,株洲新华西路王府井百货3楼LILY专柜,0731-22529688,"113.16011,27.844926",
302,CN,株洲市,,湖南株洲-天元广场,株洲市天元区天元购物广场3楼LILY 袁格 28208932,0731-28208932,"113.142978,27.834425",
303,CN,株洲市,,湖南株洲-百货大楼,株洲市中心广场百货大楼5楼边厅,0731-28282267,"113.158849,27.84495",
304,CN,湘潭市,,湖南湘潭-步步高,湘潭市华隆步步高三楼 LILY 专柜,0731-52337715,"112.924253,27.840621",
305,CN,郴州市,,湖南郴州-友阿,湖南省郴州市国庆北路18号友谊中皇城二楼lily专柜,,"113.036548,25.806016",
306,CN,吉首市,,湖南-湘西自治州龙山专卖店,湖南省湘西自治州龙山县朝阳路中段lily.专卖店。,0743-6231811,"109.72776,28.26794",
307,CN,醴陵市,,湖南醴陵-专卖,湖南省醴陵市国际新城2-116号,0731-23368958,"113.505485,27.668958",
308,CN,浏阳市,,湖南浏阳LILY店,浏阳市金沙中路通程商业广场一楼LILY专柜,0731-83670007,"113.634127,28.139822",
309,CN,娄底市,,湖南娄底-万豪专卖,湖南省娄底市娄星区万豪城市广场1楼Lily,0738_2881162,"112.013,27.73349",
310,CN,娄底市,,湖南娄底-新化专卖,娄底市长青中街42号步步高二楼LILY,0738-8226873,"112.021264,27.735364",
311,CN,邵阳市,,湖南-邵东LILY,湖南省邵阳市邵东县荷田路二期364-366号,0739-2731276,"111.748183,27.26293",
312,CN,邵阳市,,湖南-邵阳红旗路,邵阳市中心路卓嵩一城B栋704号,0739-5435831,"111.47221,27.241658",
313,CN,益阳市,,湖南益阳-凯德广场LILY,益阳市桃花仑凯德广场一楼LILY专柜18973730345何群芳收,0737-6789868,"112.360521,28.586004",
314,CN,益阳市,,湖南益阳-南县店,南县南华北路凯丰酒店对门LILY专卖店,,"112.41808,29.376769",
315,CN,永州市,,湖南永州滨江,永州市冷水滩区河东滨江友谊商业广场二楼LILY专柜,0746-8336599,"111.611042,26.440473",
316,CN,永州市,,湖南永州-祁阳LILY专卖,湖南祁阳民生路LILY专卖店（迪赛尼斯专卖店旁）,0746-3256566,"111.868392,26.591431",
317,CN,怀化市,,湖南怀化LILY,怀化市步步高二楼女装LILY专柜,0745-2370106,"109.978854,27.559922",
318,CN,怀化市,,湖南怀化-通程商业广场,怀化市鹤城区迎丰西路火车站广场旁通程商业广场,,"109.973938,27.562917",
319,CN,常德市,,湖南常德-步步高,湖南省常德市武陵区人民路金泰立步步高百货女装部LILY专柜,,"111.704417,29.032628",
320,CN,张家界市,,湖南张家界-LILY专卖,张家界市永定区北正街19号,0744-2185377,"110.492533,29.13172",
321,CN,昆明市,,云南昆明-LILY美辰,云南省昆明市五华区人民中路富春街98号二楼,0871-63648092,"102.70925,25.049298",
322,CN,昆明市,,云南昆明-北辰,云南省昆明市盘龙区北辰凤凰城一层40号,0871-65634342,"102.742451,25.085894",
323,CN,昆明市,,云南昆明-新西南LILY,云南省昆明市五华区人民中路17号新西南二楼B206-207,0871-63189392,"102.721417,25.048373",
324,CN,昆明市,,云南昆明-LILY艾维名店,云南省昆明市五华区青年路艾维名店二楼,0871-63152062,"102.722172,25.048851",
325,CN,昆明市,,云南昆明-LILY顺城店,云南省昆明市五华区顺城购物中心二楼E2-12号,0871-63662187,"102.714627,25.042369",
326,CN,昆明市,,云南昆明-正义坊1店,云南省昆明市五华区正义路104号一楼,0871-68369353,"102.716146,25.046924",
327,CN,普洱市,,云南普洱-专卖,云南省普洱市思茅区五一步行街E17-18,0879-2149668,"100.978984,22.789524",
328,CN,玉溪市,,云南玉溪-凤凰路专卖,云南省玉溪市红塔区凤凰路79-8附2号,0877-2021178,"102.552011,24.353585",
329,CN,成都市,,四川成都-郫县LILY,蜀信东路18号龙湖9-1-502,13518186606,"103.900467,30.801048",
330,CN,成都市,,成都-高升桥专卖,一环路西一段4号附1--2号,028-85225155,"104.048079,30.649515",
331,CN,成都市,,成都双流-专卖,南昌路1号英邦百货一楼,028-85833808,"103.929292,30.576994",
332,CN,成都市,,成都-科华北店（粽北）,科华北路154号,028-85250348,"104.082956,30.630076",
333,CN,成都市,,成都龙泉-专卖,龙泉街办广场路121号,028-84860159,"104.273901,30.563829",
334,CN,成都市,,成都彭州-专卖,天彭镇北大街195号,028-83880772,"103.948708,30.994302",
335,CN,西昌市,,四川西昌-世纪MALL,西昌市航天大道世纪MALL一层,,"102.258109,27.884118",
336,CN,西昌市,,四川西昌-普拉托百货,四川省西昌市健康路2号,,"102.271485,27.891845",
337,CN,乌鲁木齐市,,新疆乌市-太百,乌鲁木齐市友好北路566号太百购物二楼,0991-4829967,"87.596353,43.828997",
338,CN,乌鲁木齐市,,新疆乌市-亚欣,乌鲁木齐中山路230号红旗路地下街亚新生活广场,0991-2319825,"87.623481,43.802839",
339,CN,乌鲁木齐市,,新疆乌市-汇嘉时代,乌市天山区中山路汇嘉时代三楼,0991-2825863,"87.624925,43.800125",
340,CN,乌鲁木齐市,,新疆乌市-西单,乌鲁木齐市新市区铁路局西单商场四楼,0991-3691713,"87.568534,43.874517",
341,CN,乌鲁木齐市,,新疆乌市-王府井,乌市天山区解放北路116号王府井百货2楼,0991-2208306,"87.628981,43.803629",
342,CN,乌鲁木齐市,,新疆乌鲁木齐-长春路友好商场,乌鲁木齐长春南路136号友好时尚购物中心2楼A区,0991-3195370,"87.589877,43.87402",
343,CN,乌鲁木齐市,,新疆乌市-北京路汇嘉,北京中路二宫体育馆斜对面汇嘉时代购物中心二楼,0991-3827835,"87.563835,43.881993",1
344,CN,阿克苏市,,新疆阿克苏-太百,阿克苏市新华东路33-1太百商场二楼,0997--6331788,"80.268512,41.17921",
345,CN,伊宁市,,新疆伊宁-阳光时代,伊宁市阳光时代广场3楼,0999--7835520,"81.314537,43.93227",
346,CN,喀什市,,新疆喀什LILY,喀什步行街43号LILY专卖店,,"75.990193,39.471837",
347,CN,喀什市,,新疆乌市-喀什环疆新世界,喀什环疆新世界二楼,,"75.985281,39.47246",
348,CN,奎屯市,,新疆奎屯-天百,奎屯友好时尚购物中心二楼,0992-3336968,"84.914645,44.430751",
349,CN,石河子市,,新疆石河子-时代广场,石河子时代购物三楼,0993--2066588,"86.046079,44.316458",
350,CN,昌吉市,,新疆乌市-昌吉东方广场,新疆昌吉市延安北路198号二楼,,"87.316655,44.022746",
351,CN,重庆市,,重庆-LILY重庆茂业,重庆江北区观音桥茂业百货四楼,67850251,"106.537814,29.583516",
352,CN,重庆市,,重庆-江北新世界LILY,重庆江北区观音桥步行街新世界三楼,67748386,"106.539288,29.580136",1
353,CN,重庆市,,重庆-美西,重庆渝北区两路空港美西百货二楼,,"106.639288,29.723181",
354,CN,重庆市,,重庆-杨家坪重百,重庆杨家坪重百二楼,13108989834,"106.521477,29.516294",
355,CN,重庆市,,重庆-百联LILY,重庆南岸区百联上海城二楼,62874994,"106.567935,29.535009",
356,CN,重庆市,,重庆-LILY北碚,重庆北碚重百中心店二楼,68280196,"106.443159,29.832487",
357,CN,重庆市,,重庆-南坪万达,重庆南岸区万达广场LG层,62976890,"106.574904,29.533391",
358,CN,重庆市,,重庆-万州重百,万州太白路重百商场二楼,58981381,"108.381373,30.818027",
359,CN,重庆市,,重庆璧山-重百,璧山上海城C座重百二楼,67955607,"106.23791,29.593265",
360,CN,重庆市,,重庆-LILY黔江依蝶,黔江新大兴依碟百货二楼,85081506,"108.784658,29.536427",
361,CN,重庆市,,重庆-LILY铜梁百货大楼,铜梁县重百商场一楼,18203034440,"106.061343,29.851436",
362,CN,重庆市,,重庆-丰都重百,丰都重百二楼,70715838,"107.741167,29.872851",
363,CN,重庆市,,重庆-大足县,大足商城C-16-1 C-17-1,18623144996,"105.718492,29.70427",
364,CN,重庆市,,重庆沙坪坝凯德,重庆沙坪坝凯德广场二楼,65601185,"106.469274,29.562784",
365,CN,重庆市,,重庆万州-万达广场,万州北滨路万达广场novo商场,58999221,"108.388567,30.818677",
366,CN,包头市,,内蒙包头东河包百,内蒙古包头市东河区南门外大街  包头百货大楼 2 层,15204711791,"109.822511,40.664632",
367,CN,赤峰市,,内蒙赤峰众联广场,内蒙古赤峰市新城区众联广场,15947691116,"118.892485,42.259332",
368,CN,临河市,,内蒙临河东方珀丽广场,内蒙古巴彦淖尔市临河区东方珀丽广场2楼LILY专柜,18647137845,"107.423639,40.764663",
369,CN,乌兰浩特市,,内蒙乌兰浩特广场街店,乌兰浩特红都现代城南门市东10号,,"122.074998,46.085375",
370,CN,太原市,,山西太原贵都世纪,太原柳巷南路19号,13099078246,"112.573611,37.869797",
371,CN,大同市,,山西宝雅大同百盛,大同市永泰南路百盛购物中心4层,,"113.301388,40.073057",
372,CN,长治市,,山西长治华诺百货,山西省长治市英雄中路184号3层,,"113.121606,36.198314",
373,CN,西安市,,陕西西安赛格广场,陕西省西安市雁塔区长安中路123号四层,13359278119,"108.953608,34.229431",
374,CN,西安市,,陕西西安万达步行街,陕西西安解放路口万达步行街,13359278119,"108.969691,34.275181",
375,CN,西安市,,陕西西安雁塔万达（李家村）,西安市碑林区雁塔北路中段李家村万达百货3楼LILY专柜,18891446629,"108.969293,34.249523",
376,CN,渭南市,,陕西韩城三立商城,陕西省韩城市太史大街三立商城,13892820190,"110.454151,35.481218",
377,CN,哈尔滨市,,黑龙江哈尔滨哈西万达,黑龙江哈尔滨哈西大109号,,"126.600694,45.708204",
378,CN,哈尔滨市,,黑龙江哈尔滨香坊万达,哈尔滨香坊万达广场一层,,"126.684207,45.746882",
379,CN,绥化市,,黑龙江绥化世纪华辰,黑龙江绥化市正大路6号,,"126.997332,46.641845",
380,CN,长春市,,吉林通化欧亚购物中心,吉林省通化市沿江路888号2楼,,"125.942695,41.713834",
381,CN,保定市,,河北保定LILY,保定市朝阳大街万博广场三楼,13722277779,"115.475491,38.883092",
382,CN,唐山市,,河北唐山百货大楼,唐山市新华东道125号条式楼C段三层LILY,0315-3727785,"118.186877,39.632039",
383,CN,秦皇岛市,,河北秦皇岛乐都汇,河北省秦皇岛市河北大街乐都汇购物广场1楼,,"119.609986,39.93952",
384,CN,秦皇岛市,,河北秦皇岛天洋,秦皇岛市海港区民族路天洋购物广场1F,,"119.615188,39.938946",
385,CN,大连市,,辽宁大连大伟时代,辽宁大连瓦房店市,,"122.008357,39.629059",
386,CN,锦州市,,辽宁锦州千盛LILY,辽宁锦州凌河区上海路四段,,"121.14879,41.12455",
387,CN,铁岭市,,辽宁铁岭开原专卖,辽宁省开原市开原大街148号开原镇政府道东,,"124.045642,42.54763",
388,CN,抚顺市,,辽宁抚顺商业城,辽宁抚顺新抚解放路16号商业城3层,,"123.906799,41.865668",
389,CN,天津市,,天津乐宾百货,天津市和平区南京路乐宾百货3楼,,"117.200873,39.12564",
390,CN,天津市,,天津新世界,天津市南开区东马路新世界百货,,"117.196632,39.146083",
391,CN,天津市,,天津于家堡金元宝,天津市塘沽区新港2号,,"117.720191,39.010853",
392,CN,义马市,,河南义马鸿泰LILY,河南省义马市银杏路,,"111.860928,34.765008",
393,CN,汝州市,,河南汝州金博大,河南省汝州市广成中路148号二层,,"112.854714,34.178153",
394,CN,南阳市,,河南镇平LILY,南阳市镇平县校场路LILY专卖店,15238118787,"112.239068,33.0488",
395,CN,长垣市,,河南长垣LILY专卖,长垣县龙山商业街lily专卖店,,"114.692473,35.197405",
396,CN,平顶山市,,河南平顶山丹尼斯,河南省平顶山市丹尼斯百货商场二楼LILY柜,,"113.313492,33.750878",
397,CN,株洲市,,湖南株洲茶陵专卖,湖南省株洲市茶陵公园街,,"113.548907,26.789106",
398,CN,永州市,,湖南永州祁阳LILY专卖,湖南祁阳民生路LILY专卖店（迪赛尼斯专卖店旁）,0746-3256566,"111.867512,26.588121",
399,CN,张家界市,,湖南张家界LILY专卖,张家界市永定区北正街19号,0744-2185377,"110.493325,29.13883",
400,CN,遵义市,,贵州遵义星力LILY,贵州省遵义市桃溪路星力城,,"106.925734,27.679744",
401,CN,厦门市,,福建厦门加州广场,福建省厦门市思明区莲前东路123号加州城市广场1层LILY专店,5231578,"118.16625,24.481369",
402,CN,晋江市,,福建晋江宝龙LILY,福建省晋江市世纪大道宝龙城市广场2楼,,"118.572766,24.808952",
403,CN,晋江市,,福建晋江万达店,福建晋江世纪大道888号万达广场,,"118.579374,24.823866",
404,CN,晋江市,,福建晋江阳光新华都,福建晋江和平中路新华都二楼,,"118.587988,24.817438",
405,CN,泉州市,,福建泉州丰泽新华都,福建省泉州市丰泽广场新华都百货3层,,"118.613148,24.910022",
406,CN,泉州市,,福建泉州石狮新华都,福建省石狮市八七路德辉广场新华都百货2层,18965850779,"118.645613,24.733261",
407,CN,福州市,,福建福州东百元洪,福州市东百元洪购物中心2楼,,"119.321883,26.058194",
408,CN,南宁市,,广西百色金牌广场LILY专卖,广西百色市中山一路金牌大酒店品牌广场七号,0776-2855898,"106.624167,23.903494",
409,CN,乌鲁木齐市,,新疆乌市昌吉东方广场,新疆昌吉市延安北路198号二楼,,"87.315873,44.023481",
410,CN,阿克苏市,,新疆阿克苏天百,新疆省阿克苏市塔中路2号2层,,"80.288789,41.17978",
411,CN,库尔勒市,,新疆乌市库尔勒太百,新疆省库尔勒市太百购物负一层,,"86.152628,41.767983",
412,CN,伊宁市,,新疆伊宁天百LILY,新疆伊宁市解放路铜锣湾商业区B座,,"81.3318,43.92382",
413,CN,重庆市,,重庆大融城,重庆市江北区观音桥步行街8号附5号大融城一层,,"106.538854,29.581322",
414,CN,重庆市,,重庆南川步行街LILY,重庆南川步行街广场1层,,"107.106715,29.163261",
415,CN,重庆市,,重庆黔江佳慧百货,重庆黔江区佳慧商场2层,,"108.79219,29.530558",
416,CN,重庆市,,重庆酉阳佳慧百货,重庆市酉阳县佳慧百货广场二楼,,,
417,CN,重庆市,,重庆长寿世达商场,重庆市长寿区洋世达一层,,"107.089682,29.86566",
418,CN,兰州市,,甘肃兰州百盛LILY,甘肃兰州庆阳路111号,,"103.836814,36.059919",
419,CN,成都市,,四川成都欢乐颂,成都市猛追湾路欢乐颂广场,,"104.100868,30.667309",
420,CN,成都市,,四川成都凯丹广场,成都市高新区盛和一路99号凯丹广场,,"104.069419,30.608753",
421,CN,成都市,,四川成都郫县LILY,四川成都市郫县东大街533号1层,13518186606,"103.904187,30.806058",
422,CN,资阳市,,四川自贡百盛LILY,自贡市汇兴路中段新美商业广场自贡百盛,,"104.778015,29.3393",
423,CN,蚌埠市,,安徽蚌埠万达LILY,蚌埠市东海大道4399号万达广场室内步行街一楼1037（LILY）号商铺,,"117.366232,32.926704",
424,CN,南京市,,江苏南京南京大洋,南京市中山南路122号4Flily专柜,,"118.789613,32.044693",
425,CN,南京市,,江苏南京水游城LILY,南京市秦淮区建康路1号,,"118.793328,32.024919",1
426,CN,无锡市,,江苏无锡惠山万达,无锡惠山万达,,"120.305201,31.681935",
427,CN,常州市,,江苏常州百货大楼,江苏省常州市天宁区南大街1号百货大楼3楼,,"119.960502,31.78207",
428,CN,连云港市,,江苏连云港东海LILY,江苏连云港市东海步行街C5-139,,"118.776146,34.528703",
429,CN,泰州市,,江苏泰州高港时代,泰州市高港区金港中路1号,,"119.885985,32.31556",
430,CN,徐州市,,江苏徐州银座商城,徐州市大同街125号4层,,"117.19528,34.268618",
431,CN,盐城市,,江苏盐城建湖专卖店,"江苏省盐城市建湖县兴阳路兴湖花苑商业A区VI分区11,12号",,"119.80924,33.476283",
432,CN,吉安市,,江西吉安莱斯百货,吉安广场北路1号3楼,,"114.992347,27.120788",
433,CN,九江市,,江西九江LILY专卖,江西省九江市浔阳陆288号门面第五间和第六间,,"116.005063,29.710983",
434,CN,鹰潭市,,江西鹰潭永盛店,江西鹰潭月湖区时代广场B座2楼,,"117.038265,28.245927",
435,CN,滨州市,,山东滨州无棣圣豪,山东省滨州无棣县市棣新一路街/路27号2层,,"117.616214,37.743497",
436,CN,桓台市,,山东济南桓台二店,山东桓台市张北路1373号4层,,"118.104884,36.952701",
437,CN,济南市,,山东泰安中百LILY,山东省泰安市财源大街90号二层,,"117.131905,36.193931",
438,CN,青岛市,,山东青岛即墨新利群LILY,即墨市鹤山路939号,,"120.433667,36.40278",
439,CN,莱西市,,山东青岛莱西利群,青岛市莱西月湖商业街烟台路26号2楼,,"120.526964,36.884126",
440,CN,青岛市,,山东青岛台东利群LILY,青岛市市北区台东三路77号台东利群3楼LILY专柜,15318861833,"120.362506,36.088894",
441,CN,东营市,,山东东营百货大楼,东营市东营区百货大楼4楼,18866479089,"118.504229,37.46777",
442,CN,潍坊市,,山东潍坊中百商厦总店,山东潍坊潍城区胜利西路233号3楼,,"119.112124,36.713301",
443,CN,绍兴市,,浙江绍兴嵊州国商,绍兴市嵊州市北直街1号嵊州市国商大厦二楼lily,,"120.828293,29.591788",
444,CN,衢州市,,浙江衢州蛟池LILY,衢州市蛟池街71-73号,,"118.875865,28.962269",
445,CN,来凤市,,湖北来凤LILY专卖,湖北来凤步行街时代大厦9号1层,,"109.415794,29.51156",
446,CN,孝感市,,湖北孝感保利广场LILY,湖北省孝感市文化路保利广场2楼,15629577750,"113.93225,30.927608",
447,CN,荆州市,,湖北荆州安良百货,湖北荆州北京中路2层,,"112.263031,30.313366",
448,CN,呼和浩特市,,呼市维多利购物中心,呼和浩特回民区中山西路维多利购物中心四层,0471-2650383,"111.676451,40.822532",
449,CN,呼和浩特市,,呼市-维多利商厦,呼和浩特回民区中山西路维多利商厦二层,0471-2205069,"111.675155,40.821201",1
450,CN,呼和浩特市,,呼市王府井百货,呼和浩特回民区中山西路王府井百货二层,0471-3356474,"111.672888,40.818833",
451,CN,呼和浩特市,,呼市民族商场,呼和浩特回民区中山西路民族商场四层,0471-6656270,"111.677273,40.820894",
452,CN,呼和浩特市,,呼市维多利时代城,呼和浩特回民区中山西路维多利时代城二层,0471-5290740,"111.677273,40.820894",
453,CN,呼和浩特市,,呼市海亮广场专卖店,呼和浩特回民区中山西路维多利时代城街铺,0471-5223508,"111.677273,40.820894",
454,CN,呼和浩特市,,呼市嘉茂购物中心,赛罕区鄂尔多斯大街凯德MALL一层,0471-5960733,"111.687318,40.803202",
455,CN,呼和浩特市,,内蒙呼市-长乐宫街铺,赛罕区东影南路长乐宫街铺,0471-6632875,"111.701039,40.829485",
456,CN,呼和浩特市,,呼市-万达,新城区新华东街万达广场二层,0471-5251220,"111.740447,40.84251",
457,CN,呼和浩特市,,内蒙呼市-万千,新城区新华东街万达百货二层,0471-3816586,"111.74254,40.840627",
458,CN,包头市,,呼市-包头百货大楼,包头昆区钢铁大街百货大楼三层,0472-2136723,"109.822512,40.664632",
459,CN,包头市,,呼市-包头时代,包头市昆区钢铁大街包百时代蓝天百货一层,0472-2169436,"109.851417,40.661909",
460,CN,包头市,,呼市-包头维多利商厦,包头市昆区钢铁大街维多利商厦三层,0472-2101738,"109.820287,40.664194",
461,CN,包头市,,呼市-包头万达,包头市青山区钢铁大街万达广场二层,0472-5192316,"109.858817,40.667909",
462,CN,包头市,,内蒙包头-青山王府井,包头市青山区文化路王府井百货三层,0472-3160322,"109.886699,40.674379",
463,CN,包头市,,内蒙包头-东河包百,内蒙古包头市东河区南门外大街 包头百货大楼 2 层,0472-4101816,"109.822511,40.664632",
464,CN,乌兰浩特市,,内蒙乌兰浩特-广场街店,内蒙古兴安盟乌兰浩特市红都现代城南门市东10号,18647157357,"122.074998,46.085375",
465,CN,锡林浩特市,,内蒙古锡林浩特-民盛购物中心,内蒙古锡林浩特市额尔敦路民盛购物中心二楼LILY,18647157357,"116.089971,43.945691",
466,CN,集宁市,,内蒙古集宁-奥威,内蒙古乌兰察布市集宁区奥威广场2F ,18647157357,"113.116722,41.040922",
467,CN,赤峰市,,内蒙古赤峰-冠东百货,内蒙古赤峰市新区冠东百货2F,18647157357,"118.89851,42.26044",
468,CN,赤峰市,,内蒙古-赤峰维多利,内蒙古赤峰市红山区哈达街中段维多利商场四楼LILY专柜,18647157357,"118.971987,42.281423",
469,CN,通辽市,,内蒙古通辽-金叶商城,内蒙古通辽市科尔沁区明仁大街66号金叶商城3F  LILY专柜,18647157357,"122.269512,43.620926",
470,CN,呼伦贝尔市,,内蒙海拉尔-华汇购物,内蒙古呼伦贝尔市海拉尔华汇购物广场三楼LILY专柜,18647157357,"119.755607,49.219293",
471,CN,鄂尔多斯市,,内蒙古鄂尔多斯-王府井,内蒙古鄂尔多斯市东胜区伊金霍洛西街太古国际广场王府井商厦,18647157357,"109.997876,39.822209",
472,CN,鄂尔多斯市,,内蒙古鄂尔多斯-购物中心,内蒙古鄂尔多斯市东胜区购物中心三楼LILY专柜,18647157357,"110.010658,39.822651",
473,CN,临河市,,内蒙古临河-国泰大厦,内蒙古巴彦淖尔市临河区国泰商厦  2F LILY专柜,18647157357,"107.427424,40.760023",
474,CN,沙圪堵市,,内蒙沙圪都-文化街,内蒙古东胜区沙圪堵开发区文化街17号底商 ,18647157357,"107.412995,40.772019",
475,CN,鄂尔多斯伊旗市,,内蒙古鄂尔多斯-伊旗,鄂尔多斯市伊金霍洛旗购物中心3层 LILY专柜,18647157357,"109.75494,39.58305",
476,CN,乌拉特前旗市,,内蒙古巴彦淖尔-星河广场,内蒙古巴彦淖尔市乌拉特前旗天意商厦西邮政大楼星河广场2楼lily专柜,18647157357,"108.652717,40.727858",
477,CN,乌海市,,内蒙乌海-万客隆商厦,内蒙古乌海市海勃湾区人民路万客隆商厦3层lily专柜,18647157357,"106.826051,39.673843",
478,CN,薛家湾市,,内蒙古-薛家湾生力,内蒙古呼和浩特薛家湾生力购物中心3楼LILY专卖,18647157357,"111.24307,39.871213",
479,CN,西安市,,陕西西安-小寨百盛,西安市长安中路38号小寨百盛2楼LILY专柜,029-85221228,"108.952881,34.231169",
480,CN,西安市,,陕西西安-西大街百盛,西安市莲湖区西大街百盛5楼LILY专柜,029-87239193,"108.945374,34.266172",
481,CN,西安市,,陕西西安-万达,西安市新城区解放路民乐园广场1号楼LILY专柜,029-85767802,"108.969614,34.274704",
482,CN,西安市,,陕西西安-崇尚,西安市未央区凤城二路第五国际崇尚百货2楼LILY专柜,029-86477784,"108.95414,34.323515",
483,CN,西安市,,中环银泰百货,西安市莲湖区西大街48号中环银泰3楼LILY专柜,029-87252550,"108.949325,34.265254",
484,CN,西安市,,陕西西安-大唐西市,西安市劳动南路西市购物中心2楼6宫格LILY专柜,029-89348631,"108.916099,34.251418",
485,CN,西安市,,陕西西安-开元,西安市碑林区钟楼开元商场B1层LILY专柜,029-87268457,"108.953765,34.265127",1
486,CN,西安市,,陕西西安-兴正元,西安市碑林区兴正元民生2楼LILY专柜,029-84656972,"108.956811,34.26559",
487,CN,西安市,,陕西西安-雁塔万达（李家村）,西安市碑林区雁塔北路中段李家村万达百货3楼LILY专柜,18891446629,"108.969303,34.249873",
488,CN,西安市,,陕西西安-秋林商厦,西安市雁塔路北段58号西安秋林3楼LILY专柜,029-87853750,"108.969662,34.251895",
489,CN,西安市,,陕西西安-万达步行街,陕西西安解放路口万达步行街,029-68666318,"108.969614,34.274704",
490,CN,西安市,,陕西西安-赛格广场,陕西省西安市雁塔区长安中路123号四层,15309216107,"108.953608,34.229431",
491,CN,西安市,,陕西西安-皇冠国际,陕西省西安市未央区凤城五路2层,029-89607718,"108.944805,34.335178",
492,CN,咸阳市,,陕西咸阳-开元,陕西省咸阳市人民东路开元商场2层LILY专柜,029-33263084,"108.734275,34.355312",
493,CN,汉中市,,陕西汉中-莲湖路专卖,陕西省汉中市汉台区莲湖路（一中操场东侧）LILY专柜,13892820190,"107.037261,33.080246",
494,CN,神木市,,陕西神木-恒生国际,陕西省神木县恒生国际购物中心LILY专柜,13892820190,"110.504082,38.848482",
495,CN,渭南市,,陕西渭南-国贸,陕西省渭南市渭南国贸3楼LILY专柜,13892820190,"109.499215,34.506232",
496,CN,府谷市,,陕西府谷县-兴茂国际,陕西省榆林巿府谷县兴茂国际（府中门口）LILY专柜,13892820190,"111.074416,39.03615",
497,CN,宝鸡市,,陕西宝鸡-银座,陕西省宝鸡市渭滨区经二路50号(近汉中路北段),13892820190,"107.151604,34.377951",
498,CN,宝鸡市,,陕西宝鸡-开元, 陕西省宝鸡市渭滨区经二路154号(火车站对面) ,13892820190,"107.157559,34.3769",
499,CN,太原市,,山西太原-北美新天地,太原市长风街北美新天地3层,0351-7856601/1393464,"112.568883,37.823244",
500,CN,太原市,,山西太原-巴黎春天,太原市开化寺街巴黎春天百货4层,0351-8218084/1863691,"112.571697,37.87083",
501,CN,太原市,,山西太原-华宇购物广场,太原市漪汾街华宇购物广场3层,0351-6165883/1354671,"112.526178,37.879176",
502,CN,太原市,,山西太原-美都汇,太原市小店区康宁街东口美都汇购物广场2层,0351-5271183/1583511,"112.589307,37.749025",
503,CN,太原市,,山西太原-贵都世纪,太原柳巷南路19号,0351-4066788,"112.573611,37.869797",
504,CN,高平市,,山西高平-永兴时代购物广场,高平市建设南路永兴时代购物广场4层,13099043886,"112.93509,35.786345",
505,CN,忻州市,,山西忻州-开来欣悦,忻州市七一北路开来欣悦购物广场4层,13099043886,"112.737973,38.434508",
506,CN,大同市,,山西大同-亚新大富翁,大同市教场街亚新大富翁3层 ,13099043886,"113.307082,40.094649",
507,CN,大同市,,山西宝雅-大同百盛,大同市永泰南路百盛购物中心4层,13099043886,"113.301388,40.073057",
508,CN,长治市,,山西长治-华诺百货,长治市英雄中路184号华诺百货三楼LILY专柜 ,13099043886,"113.121605,36.198314",
509,CN,晋城市,,晋城-金辇,晋城市文昌路438号金辇时代广场3层,13099043886,"112.872346,35.509804",
510,CN,孝义市,,山西孝义百货,孝义市府前街292号府前广场西侧孝义百货三层LILY专柜 ,13099043886,"111.786959,37.148059",
511,CN,运城市,,山西运城-同至人LILY,运城市禹都大道同至人购物中心1688号1层,13099043886,"111.004223,35.032026",