1,CN,Shanghai,Pudong New Area,Shanghai Plaza 96,"No. 162, 1/F, No. 796, Dongfang Rd., Pudong Dist., Shanghai",61600123," 121.531882,31.233336"
2,CN,Shanghai,Pudong New Area,Shanghai Yaohan,"3/F, Yaohan, No. 501, Zhangyang Rd., Shanghai",58350162," 121.523859,31.233777"
3,CN,Shanghai,Pudong New Area,Shanghai Dongjiao Bailian Mall,"2/F, No. 2420, Hunan Rd., Pudong New Dist., Shanghai",50611075," 121.570347,31.160199"
4,CN,Shanghai,Pudong New Area,"Shanghai Golden Bridge Int'l, Inc.","1/F, Golden Bridge Int'l, Shopping Mall, Room 115, No. 7, Lane 3611, Zhangyang Rd.",60897950," 121.585329,31.263301"
5,CN,Shanghai,Pudong New Area,Shanghai Orient Shopping Centre (Yangpu Store),"2/F, Orient Shopping Centre, No. 2500, Siping Rd. Yangpu Dist., Shanghai",55057470," 121.522258,31.304737"
6,CN,Shanghai,Pudong New Area,Shanghai Wenfeng Mall,"2/F, Wenfeng Mall, No. 801, North Zhangyang Rd., Pudong Dist., Shanghai",60340234," 121.593981,31.27751"
7,CN,Shanghai,Pudong New Area,Shanghai Lianyang Plaza,"214, 2/F, No. 300, Fangdian Rd., Pudong Dist., Shanghai",61097230," 121.564469,31.232726"
8,CN,Shanghai,Pudong New Area,Shanghai Zhoupu Wanda Plaza,"No. 132, 1/F, Building C, Wanda Plaza, No. 518, Jiabang Rd., Pudong New Dist., Shanghai ",38210508," 121.519967,31.308229"
9,CN,Shanghai,Pudong New Area,Printemps-Shanghai (Chengshan Store),"2/F, No. 1993, Chengshan Rd., Pudong New Dist., Shanghai",60891362," 121.542276,31.185243"
10,CN,Shanghai,Pudong New Area,Shanghai Pudong Emporium (Chengshan Store),"2/F, No. 500, Chengshan Rd., Pudong New Dist., Shanghai",50758610," 121.514128,31.177601"
11,CN,Shanghai,Fengxian District,Shanghai Orient Shopping Centre (Fengxian Store),"2/F, Shanghai Shopping Centre, No. 288, Baiqi Rd., Fengxian Dist., Shanghai",33611997," 121.490345,30.92173"
12,CN,Shanghai,Luwan District,Shanghai Huaihai Parkson,"3/F, No. 918, Huaihai Middle Rd., Luwan Dist., Shanghai",64183005," 121.465714,31.223551"
13,CN,Shanghai,Luwan District,"Street shops on Huaihai Road, Shanghai","Street Shop No. 658-666, Huaihai Middle Rd., Luwan Dist., Shanghai",53063732," 121.472481,31.225994"
14,CN,Shanghai,Xuhui District,Shanghai Grand Gateway,"4/F, Grand Gateway, No. 1, (intersection at Huashan Rd.) Hongqiao Rd. Shanghai",64078198," 121.444355,31.200891"
15,CN,Shanghai,Xuhui District,Shanghai Huijin Department Store,"2/F, Huijin Department Store, No. 1000, Zhaojiabang Rd., Shanghai",64269802," 121.446781,31.201587"
16,CN,Shanghai,Minhang District,Shanghai Nanfang Mall,"1/F, Nanfang Friendship Mall, No. 7388, Humin Rd., Minxing Dist., Shanghai",64121524," 121.407448,31.13729"
17,CN,Shanghai,Minhang District,Shanghai Xinzhuang Parkson,"2/F, Xinzhuang Parkson, No. 5001, Dushi Rd., Minxing Dist., Shanghai",34633095," 121.393179,31.112922"
18,CN,Shanghai,Minhang District,Shanghai Sky Mall,"2/F, Sky Mall, No. 5001, Dushi Rd., Minxing Dist., Shanghai",34633337," 121.394387,31.114011"
19,CN,Shanghai,Xuhui District,Shanghai Sunny Days City,"Room 270, 271, 272, 2/F, No. 455, Yishan Rd., Xuhui Dist., Shanghai",60740317," 121.434461,31.191047"
20,CN,Shanghai,Putuo District,Shanghai Global Harbor,"Room 3077, 3/F, No. 3300, North Zhongshan Rd., Putuo Dist., Shanghai",62866848," 121.418187,31.237998"
21,CN,Shanghai,Minhang District,Shanghai Shine Time Department store,"B2,  Shine Time Department Store, Shanghai South Railway Station, No. 9001-3, Humin Rd., Minhang Dist., Shanghai",33637912," 121.434949,31.161371"
22,CN,Shanghai,Baoshan District,Printemps-Shanghai (Baoshan Store),"2/F, No. 888, Zhenhua Rd., Baoshan Dist., Shanghai",66072018," 121.417527,31.276578"
23,CN,Shanghai,Putuo District,Shanghai Hualian(Putuo Store),"2/ F, No. 788, Jinshajiang Rd., Putuo Dist., Shanghai",52650017," 121.405396,31.237964"
24,CN,Shanghai,Changning District,Shanghai Huijin Department Store (Tianshan Store),"2F, No. 900, Tianshan Rd., Changning Dist., Shanghai",61242847," 121.411401,31.217287"
25,CN,Shanghai,Changning District,Shanghai Xijiao Bailian Shopping Mall,"No. 88, West Xianxia Dist., Changning Dist., Shanghai",52653635," 121.376304,31.214403"
26,CN,Shanghai,Pudong New Area,Shanghai Jinhui Hall,"2/F, No. 2255, East Huaxia Rd., Pudong New Dist., Shanghai",58379583," 121.701585,31.206665"
27,CN,Shanghai,Changning District,Shanghai Tianshan Parkson,"3/F, No. 789-889, Tianshan Rd., Changning Dist., Shanghai",62253723," 121.40888,31.216586"
28,CN,Shanghai,Huangpu District,"Street shops on East Nanjing Road, Shanghai","opposite to Century Square, No. 588, East Nanjing Rd., Huangpu Dist., Shanghai",53028596," 121.485919,31.241687"
29,CN,Shanghai,Huangpu District,Shanghai Landmark Department Store,"2/F, Landmark Plaza, No. 409-459, East Nanjing Rd., Shanghai",63610071," 121.488749,31.242073"
30,CN,Shanghai,Huangpu District,Shanghai Bailian Shimao International Plaza,"4/F, No. 819, East Nanjing Rd., Shanghai",63390805," 121.482016,31.240344"
31,CN,Shanghai,Xuhui District,Shanghai Touch Mall,"2/F, No. 699, South Zhongshan' er Rd., Xuhui Dist., Shanghai",60130385," 121.464449,31.193259"
32,CN,Shanghai,Putuo District,Shanghai Bailian Zhonghuan Commerce Plaza,"2/F,  Orient Shopping Centre, No. 1288, Zhenguang Rd., Putuo Dist., Shanghai",61392531," 121.390032,31.251466"
33,CN,Shanghai,Putuo District,Shanghai IMAGO,"2/F,  IMAGO, No. 101, Wuning Rd., Putuo Dist., Shanghai",52366889," 121.430213,31.243697"
34,CN,Shanghai,Changning District,Shanghai Cloud Nine Shopping Mall,"2/F,  Cloud Nine Shopping Mall, No. 1018, Changning Rd., Changning Dist., Shanghai",62109231," 121.422825,31.224801"
35,CN,Shanghai,Huangpu District,Shanghai Joycity,"307, Joycity, No. 166, North Xizang Rd., Huangpu Dist., Shanghai",36527522," 121.478726,31.24878"
36,CN,Shanghai,Hongkou District,Shanghai Cloud Nine Shopping Mall (Hongkou Store),"22-25, 2/F, Building B, No. 388, West Jiangwan Rd., Hongkou Dist., Shanghai",61670356," 121.48359,31.276723"
37,CN,Shanghai,Putuo District,Shanghai Yaxin Square,"2/F, No. 401, Changshou Rd., Putuo Dist., Shanghai",52821692," 121.443652,31.245507"
38,CN,Shanghai,Jiading District,Shanghai Orient Shopping Centre (Jiading Store),"2/F, No. 401, Changshou Rd., Jiading Dist., Shanghai",60949629," 121.255208,31.386348"
39,CN,Shanghai,Jiading District,Shanghai Jiading Life Hub@Anting,"2/F, Building 3, No. 1077, South Moyu Rd., Jiading Dist., Shanghai",69503657," 121.167381,31.294185"
40,CN,Shanghai,Jiading District,Shanghai MCC/Shine Ton City Plaza,"1506, 1/F, No. 7, Lane 4368, South Zhenzhen Rd., Nanxiang Town, Shanghai",31217758," 121.326376,31.302346"
41,CN,Shanghai,Jiading District,Shanghai Jiangqiao Wanda Plaza,"Street shop  No. 1044&1045, Lane 1051, West Jinshajiang Rd., Shanghai",60296107," 121.331103,31.247056"
42,CN,Shanghai,Minhang District,Printemps-Shanghai (Qibao Store),"No. 3755, Qishen Rd., Minhang Dist., Shanghai",60760005," 121.347912,31.172052"
43,CN,Shanghai,Songjiang District,"Songjiang, Shanghai","No. 1029&1030, 1/F, Lane 925, New Songjiang Rd., Songjiang Dist., Shanghai",57644822," 121.22455,31.04466"
44,CN,Beijing,Dongcheng District,"Lily, 3/F, No. 1, Dongzhimennan Main St., Dongcheng Dist.",,84094377,"116.438314,39.946117"
45,CN,Beijing,Dongcheng District,Beijing Xindong' an,"LILY, 4/F, Xin dongan Mart, No. 138, Wangfujing Main St., Dongcheng Dist.",65263521," 116.418095,39.921511"
46,CN,Beijing,Dongcheng District,Beijing Glory Mall,"No. 2-4, 2/F, Beijing Glory Mall, Building 1, No. 18, Chongwai Main St., Dongcheng Dist., Beijing",67116851," 116.425797,39.904638"
47,CN,Beijing,Dongcheng District,Beijing Fuchengmen-Hualian Mall,"LILY, 3/F, Hualian Mall, No. 1, Fuchengmenwai Main St., Xicheng Dist.",88371188-5335," 116.360959,39.929769"
48,CN,Beijing,Dongcheng District,Xizhimen Jiamao,"LILY Counter, 2/F, Xihuan Plaza, No. 1, West Zhimenwai Main St., Xicheng Dist., Beijing",58301231," 116.359079,39.947106"
49,CN,Beijing,Dongcheng District,Beijing-Zhongyou Department Store,"LILY Counter, 5/F,  Zhongyou Department Store, No. 176, West Zhimenwai Main St., Xicheng Dist.",66069730," 116.381348,39.915493"
50,CN,Beijing,Dongcheng District,Xinhua Department Store,"LILY Counter, 3/F, No. 1, Northern St., Xinjiekou Dist., Xicheng Dist., Beijing",13366470296," 116.377868,39.953619"
51,CN,Beijing,Dongcheng District,SOGO,"LILY, 4/F, SOGO, No. 8, Xuanwumenwai Main St., Xicheng Dist., Beijing",13366467933," 116.382398,39.90277"
52,CN,Beijing,Dongcheng District,Beijing Chengxianghuamao,"LILY, 3/F, Chengxianghuamao, No. 23, Fuxing Rd., Haidian Dist.",68298764," 116.315283,39.914967"
53,CN,Beijing,Dongcheng District,Beijing Ganjiakou Tower,"LILY Counter, 2/F, No. 17, Sanlihe Rd.,  Haidian Dist., Beijing",13366468232," 116.340194,39.933123"
54,CN,Beijing,Dongcheng District,Wanliu Mall,"LILY, 2/F, BHGWanliu Mall, No. 2, Bagou Rd., Haidian Dist., Beijing",13366465083," 116.301908,39.979222"
55,CN,Beijing,Dongcheng District,The Gate,"LILY, 3/F, Xinzhongguan Building, No. 19, Zhongguancun Main St., Haidian Dist., Beijing",15712887672," 116.322348,39.984364"
56,CN,Beijing,Dongcheng District,Beijing EC Mall,"LILY, 2/F, Unit 30, 1-101, Danleng St., Haidian Dist.",57218836," 116.320346,39.986278"
57,CN,Beijing,Dongcheng District,"Shunyi-New World, Beijing",,15712849461," 116.658002,40.133101"
58,CN,Beijing,Dongcheng District,Beijing Thunisoft,"LILY, 3/F, Building B, Cybei Tower , Beijing Exhibition Center of Science and Technology, No. 2, South Zhongguancun St., Haidian Dist.",15712867436," 116.329725,39.971018"
59,CN,Beijing,Dongcheng District,Shunyi-Guotai,"LILY Counter, 4/F, South Xinshun Main St., Shunyi Dist., Beijing",13366470295," 116.658337,40.135852"
60,CN,Beijing,Dongcheng District,"Daxing-Ito Yokado, Beijing","LILY, 2/F, Ito Yokado, Na' er Crystal City, No. 26, Kangzhuang, Daxing Dist.",15712864629," 116.343981,39.763351"
61,CN,Beijing,Dongcheng District, LongDe Shopping Mall,"LILY, 2/F, LongDe Shopping Mall, No. 186, Litang Rd., Changping Dist.",84846436," 116.421981,40.067253"
62,CN,Beijing,Dongcheng District,"Tongtianyuan-Hualian, Beijing","LILY, 2/F, Tiantongyuan- Hualian, opposite to Farmer's Market in Taipingxing Garden(Tiantongyuan Subway Station), Changping Dist.",15712823359," 116.42015,40.074741"
63,CN,Beijing,Dongcheng District,"Changping-Guotai, Beijing","LILY Counter, 3/F, No. 24(Guotai), Fuxue Rd., Changping Dist.",80115035," 116.25002,40.226441"
64,CN,Beijing,Dongcheng District,"Chaobei-Joycity, Beijing","LILY, 4/F, Chaoyang- Joycity, No. 101, North Chaoyang Rd., Chaoyang Dist.",85563464," 116.524306,39.929783"
65,CN,Beijing,Dongcheng District,"Shilibao-Ito Yokado, Beijing","LILY, 2/F,  Ito Yokado, 5/6/F, Yard Yi-2 , Shilibao, Chaoyang Rd., Chaoyang Dist.",59145289," 116.511226,39.921781"
66,CN,Beijing,Dongcheng District,"Anzhen-Hualian, Beijing","LILY, 2/F, Anzhen Hualian, Building 4, Fifth Xili Dist., Chaoyang Dist.", 64436880-5276," 116.407953,39.977536"
67,CN,Beijing,Dongcheng District,U-town,"005, 006 & 007A, Room 301, Building 2, North Sanfeng Lane, Chaoyang Dist., Beijing ",13366467921," 116.446989,39.927542"
68,CN,Beijing,Dongcheng District,Shuangqiao-Guotai,"LILY Counter, 2/F,  Yard 2, Shuangqiao Rd., Chaoyang Dist., Beijing ",65702855," 116.583917,39.914012"
69,CN,Beijing,Dongcheng District,INDIGO,"LILY Counter, Unit 217, No. 18, Jiuxianqiao Road, Chaoyang District",84260778," 116.496943,39.976112"
70,CN,Beijing,Dongcheng District,"Wangjing-Hualian, Beijing","LILY, 2/F, No. 33, North Guangshun Main St., Chaoyang Dist.", 84771188-6232," 116.475396,39.998791"
71,CN,Beijing,Dongcheng District,Beijing-New World-3,"LILY Counter, 4/F, Building A, Wanda Plaza, No. 93, Jianguo Rd., Chaoyang Dist., Beijing",13366468235," 116.479226,39.914801"
72,CN,Beijing,Dongcheng District,"Shijingshan-Wanda, Beijing","LILY, 2/F, Wanda Plaza Pedestrian Street, Shijingshan, Shijingshan Dist.",15712807233," 116.230724,39.911992"
73,CN,Beijing,Dongcheng District,Xuanwu Rainbow,"Langqin International Building, No. 168, Guang' anmenwai Main St., Xuanwu Dist.",13366469277," 116.347798,39.8941"
74,CN,Beijing,Dongcheng District,Beijing New World-Phase 2,"LILY, 2/F, Phase 2 of New World, Chongwenmen Street",56231230," 116.423639,39.903151 "
75,CN,Shenzhen,Luohuo District,,"LILY Counter, 3/F in Maoye Department Store, No. 2047, Dongmenzhong Rd., Luohu Dist, Shenzhen",0755-25166057,"114.127676,22.553452"
76,CN,Shenzhen,Luohuo District,Heping-Maoye,"LILY Counter, 2/F, Maoye Department Store, No. 3009, Heping Road, Shenzhen",0755-25854016," 114.120695,22.550699"
77,CN,Shenzhen,Luohuo District,Guomao Rainbow,"LILY Counter, 2/F, Rainbow, No. 3002, South Renmin Road, Luohu District, Shenzhen",0755-82213406," 114.125679,22.547495"
78,CN,Shenzhen,Luohuo District,Shuanglong Rainbow,"LILY Counter, No. 3025, 3/F, Rainbow Mall, Longyingtai Commercial Center, No. 956, Shenhui Highway, Longgang Town, Longgang District, Shenzhen",0755-28832287," 114.284282,22.734594"
79,CN,Shenzhen,Luohuo District,Donghuan Rainbow,"LILY Counter, 2/F, No. 1, 1st East Ring Road, New Huaxin District, Shenzhen (next to Huangjia Center) (near Zhongbao International Hotel) ",0755-23088053," 114.055787,22.646859"
80,CN,Shenzhen,Luohuo District,Shahe Rainbow,"LILY Counter, 2/F, Inside Kingkey Banner Center, Intersection of Baishi Road and 2nd Shenwan Road",0755-86286427," 113.975822,22.536383"
81,CN,Shenzhen,Luohuo District,Nanshan Changxing Rainbow,"LILY Counter, 3/F, Rainbow Mall, Changxing, No. 86, Taoyuan Road, Nanshan, Shenzhen",0755-86061601," 113.928448,22.538561"
82,CN,Shenzhen,Luohuo District,Qianhe Rainbow,"LILY Counter, 2/F, Rainbow Mall, Zhenye Commercial Center, Intersection of Shennan Avenue and Qianhai Road, Nanshan District, Shenzhen",0755-86548902," 113.920856,22.546293"
83,CN,Shenzhen,Luohuo District,Garden City Center,"LILY Store, Store No. 217, 2/F, Huanyuancheng Center, Intersection of Dongbin Road and Nanhai Avenue, Shekou, Nanshan District",0755-26880052," 113.929759,22.508317"
84,CN,Shenzhen,Luohuo District,Nanshan-Huanglesong,"LILY Counter, 2/F, Fun Shopping Center, Nanshan, Huarun, No. 3030, Nanxin Road, Nanshan District, Shenzhen",0755-86646930," 113.926341,22.541129"
85,CN,Shenzhen,Luohuo District,Zuoling Xiangsong,"LILY Store, No. N-L178, 1/F, LVGEM Zuolin Xiangsong Shopping Cente, West of Minzhi Avenue, Minzhi Subdistrict, New Baolonghua District, Shenzhen",0755-23590292," 114.042182,22.635886"
86,CN,Shenzhen,Luohuo District,Qianjin Rainbow,"LILY Counter, 2/F, Qianjin Rainbow Mall, Huangjintai Commercial Mansion, No. 34-2, Qianjin Road, Baoan, Shenzhen",0755-29613857," 113.897801,22.583592"
87,CN,Shenzhen,Luohuo District,Xishang Rainbow,"LILY Counter, 2/F, Xishang Rainbow Mall, Intersection of Xixiang Avenue and Xinhu Road, Baoan District, Shenzhen",0755-23573855," 113.900497,22.584756"
88,CN,Shenzhen,Luohuo District,Huaqiang-Fine City,"LILY Store, 2/F, 1/F, Zijing City, No. 55, Zhenxing Road, Huaqianbei, Shenzhen",0755-22664102," 114.095373,22.552334"
89,CN,Shenzhen,Luohuo District,Excellence Century Center,"LILY Store, No. 221-222, Building 4, Excellence Century Center, Intersection of 3rd Fuhua Road and Jintian Road, Futian District, Shenzhen",0755-83232874," 114.070467,22.537714"
90,CN,Shenzhen,Luohuo District,Huaqiang-Maoye,"LILY Counter, 4/F, Maoye Department Store, No. 2006, North Huaqiang Road, Shenzhen",0755-83015089," 114.092898,22.551287"
91,CN,Shenzhen,Luohuo District,Meilin Rainbow,"LILY Counter, 3/F, Meilin Rainbow, Meilin Road, Futian District, Shenzhen",0755-82956876," 114.067626,22.573615"
92,CN,Shenzhen,Luohuo District,COCOPARK,"LILY Store, No. B1S-009 & 010 Store, B1, COCOPark, No. 269, 3rd Fuhua Road, Futian Central District, Shenzhen",0755-83296037," 114.060537,22.538657"
93,CN,Shenzhen,Luohuo District,Central Walk,"LILY Store, Atrium of G Floor, Central Walk, 1st Fuhua Road, Futian District, Shenzhen",0755-82801255," 114.066663,22.542212"
94,CN,Shenzhen,Luohuo District,Shennan-Maoye,"LILY Counter, 2/F, Maolai Department Store, Xinhua Hotel, No. 2020, Middle Shennan Road, Futian District, Shenzhen",0755-83548321," 114.099155,22.546948"
95,CN,Guangzhou,Liwan District,"LILY Counter, 2/F in Simgo Department Store, No. 666, Kang Wang Zhong Rd., Liwan Dist., Guangzhou","LILY Counter, 2/F in Simgo Department Store, No. 666, Kang Wang Zhong Rd., Liwan Dist., Guangzhou",020-81336315,"113.254345,23.13037"
96,CN,Guangzhou,Liwan District,Guangbai(Dongshan),"LILY Counte, 2/F, Dongshan Store, Guangzhou Department Store",020-87676517," 113.303861,23.135615"
97,CN,Guangzhou,Liwan District,China Plaza,"LILY Store, No. A20, B1, China Plaza, No. 33, 3rd Zhongshan Road, Yuexiu District, Guangzhou, Guangdong",020-83739146," 113.289307,23.131837"
98,CN,Guangzhou,Liwan District,Grandview Mall,"LILY Store, No. 1A032L.1A032M, 1/F, Zhengjia Plaza, No. 228, Tianhe Road, Tianhe District, Guangzhou",020-38350621," 113.333869,23.138652"
99,CN,Guangzhou,Liwan District,Parking apron 5,"LILY Store, No. L1077N Store, 1/F, No.5 Parking Field, Building 353, Yunxiao Road, Baiyun District, Guangzhou",," 113.27086,23.185818 "
100,CN,Wuhan,Wuchang District,"LILY Counter, 2/F in Wuhan Xudong Shopping Mall, Xudongyi Rd., Wuchang Dist., Wuhan, Hubei",,,"114.352312,30.59566"
101,CN,Wuhan,Wuchang District,Wuhan-Luxiang Plaza,"LILY Counter, 3/F,  Luxiang Plaza Shopping Center, No. 726, Luoyu Road, Wuchang District, Wuhan, Hubei",," 114.403353,30.512604"
102,CN,Wuhan,Wuchang District,"Lingjiaohu-Wanda, Wuhan","LILY Counter, 2-6, 2/F, Wanda Plaza, Lingjiaohu, No. 5, Tangjiadun Road, Jianghan District, Wuhan, Hubei",027-85698590," 114.274772,30.615614"
103,CN,Wuhan,Wuchang District,"Grandocean Department Store, Zhongshan Rd., Wuhan","LILY Counter, 3/F, Grand Ocean Department Store, No. 890, Zhongshan Avenue, Jianghan District, Wuhan, Hubei",027-82456985," 114.296457,30.583278"
104,CN,Wuhan,Wuchang District,"Hanshang 21th Century, Wuhan","LILY Counter, 2/F, Hanshang 21st Century Shopping Plaza, No. 687, Hangyang Avenue, Hanyang District, Wuhan, Hubei",027-84958096," 114.217523,30.567456"
105,CN,Wuhan,Wuchang District,"Hanshang (Wuzhan), Wuhan","LILY Counter, Section A, B1, No. 372-374, Jiefang Avenue, Hankou, Wuhan, Hubei",," 114.27903,30.587366"
106,CN,Wuhan,Wuchang District,"Jingkai-Wanda, Wuhan","LILy Counter, No. 131, 1/F Indoor Pedestrian Street of  Section A Shopping Center, Wanda Plaza, Wuhan Economic and Technological Development Zone, Hubei",027-84250768," 114.180239,30.512865"
107,CN,Wuhan,Wuchang District,Wuhan-Qingshan Mall,"LILY Counter, 2/F, No. 1542, Wuchang Heping Avenue, Qingshan District, Wuhan, Hubei",027-86338958," 114.409172,30.645178"
108,CN,Wuhu,Jinghu Discritct,Huayi International Shopping Mall,"3/F in Building B of Huayi International Shopping Mall, Zhongshanbei Rd., Jinghu Dist., Wuhu",0553-3889418,"118.377354,31.336401"
109,CN,Wuhu,Jinghu Discritct,Wanda Plaza,"LILY Counter, 2/F, Wanda Plaza Indoor Pedestrian Street, Jinghu Dist., Wuhu",0553-3997108,"118.389219,31.352277"
110,CN,Xuanchen,-,New Bay Shopping Center,"3/F, New Bay Shopping Center in Fushan Square, Xuancheng",0563-2828322,"118.76867,30.952015"
111,CN,Xuanchen,-,Yaohan Square,"lily, 3/F, Yaohan Square, No.12, West Zhangdie Rd., Xuancheng",0563-3025725,"118.761648,30.949886"
112,CN,Huainan,-,Hualian Department Store,"LILY,3/F, Hualian Department Store, No.1, Middle Longhu Rd., Huainan, Anhui",18955458503,"117.023449,32.647127"
113,CN,Liuan,-,-,"lily Counter, 2/F, Baiyun Shopping Mall, B1-20, Mingzhu Square, Middle Jiefang Rd., Liuan, Anhui",18956416013,"116.503121,31.760021"
114,CN,Huaibei,-,-,"LILY Counter, 2/F, No.69, Middle Huaihai Rd., Liuan, Anhui",13856125522,"116.800128,33.978663"
115,CN,Hefei,-,Guogou Plaza,"1/F, Guogou Plaza, Sanli' an, Hefei",0551-65370268,"117.262368,31.8606"
116,CN,Hefei,-,Cosmo City,"2/F, Cosmo City, Sanli' an, Hefei",0551-65171631,"117.263536,31.860968"
117,CN,Hefei,-,-,"No.48, Suzhou Road, Hefei",0551-62617916,"117.295773,31.866848"
118,CN,Hefei,-,Hulian Department Store,"First floor, Beijing Hulian Department Store at the intersection between Suixi Road and Mengcheng Road, Hefei",0551-65530569,"117.285453,31.885668"
119,CN,Chuzhou,-,Baiyun Shopping Mall,"3/F, Baiyun Shopping Mall, No. 738, North Nanqiao Road, Chuzhou",15955003731,"118.317678,32.311852"
120,CN,Hefei,-,Suzhou Central Shopping Mall,"3/F, Suzhou Central Shopping Mall, Suzhou",18225576098,"116.987564,33.638825"
121,CN,Hefei,-,-,"intersection between Middle Huaihai Rd. and Bianhe Rd., Yongqiao Dist, Suzhou, Anhui",13855770181,"116.988313,33.638202"
122,CN,Haozhou,-,Jinrui Yintai Shopping Mall,"2/F, Jinrui Yintai Shopping Mall, Haozhou",15056789561,"115.792286,33.864281"
123,CN,Fuyang,-,Qianbaiyi Shopping Mall,"3/F, Qianbaiyi Shopping Mall, Renmin Rd., Fuyang",0558-2277879,"115.829987,32.911743"
124,CN,Tongling,-,Fortune Plaza,"lily Counter, Room 112, Building 2, Fortune Plaza, Tongguanshan District, Tongling, Anhui",,"117.824668,30.933531"
125,CN,Lianyungang, Xinpu,-,"lily Counter, 3/F, No.118, North Tongguan Rd., Jiulong Great World, Xinpu Dist. Lianyungang, Jiangsu",,"119.190032,34.607801"
126,CN,Dongtai,-,-,"No. 87, Pedestrian Street, Middle Gulou Rd., Dongtai, Jiangsu",,"120.32357,32.851697"
127,CN,Gaoyou,-,-,"No. 6, Pedestrian Street, Gaoyou, Jiangsu",,"119.4464,32.791152"
128,CN,Haimen,-,-,"No. 584, Middle Jiefang Rd., Haimen, Jiangsu",,"121.18473,31.90043"
129,CN,Yangzhou,Jiangdu,-,"A123, Longchuan Pedestrian Street, Jiangdu Dist., Yangzhou, Jiangsu",,"119.567309,32.436355"
130,CN,Nantong,Chongchuan,-,"No. 90-1, South Huancheng Rd.,Chongchuan Dist., Nantong",,"120.871037,32.019512"
131,CN,Suqian,Sucheng,Golden Eagle International,"lily, 3/F, Golden Eagle International, Sucheng Dist., Suqian, Jiangsu",,"118.297069,33.96144"
132,CN,Suqian,,,,,"118.723717,33.71601"
133,CN,Taixing,-,Gunan Business Room,"LILY Counter, No.60, Gunan Business Room, Fuxingda Commercial and Residential Building, Suli Lane, Taixing, Jiangsu",,"120.026462,32.174525"
134,CN,Taizhou,Hailing,Wanda Plaza,"LILY Counter, No. 1081, 1/F, Wanda Plaza, Hailing Dist., Taizhou, Jiangsu",,"119.923432,32.477363"
135,CN,Yancheng,-,Business Zone A,"No.11, Section VI, Business Zone A, Xinghu Garden, Xingyang Rd., Jianhu County, Yancheng, Jiangsu",,"120.288085,33.773523"
136,CN,Yangcheng,,,No.12,,"120.138011,33.388298"
137,CN,Zhangjiagang,-,International Shopping Center,"2/F, International Shopping Center, Zhangjiagang",,
138,CN,Wuxi,-,Sanyang Parkson,"LILY Counter, 3/F, No. 127, Sanyang Parkson, Chong' an, Wuxi",18921508071,"120.307674,31.581352"
139,CN,Wuxi,New,Parkson 2 Powerlong,"LILY Counter, 2/F, Parkson 2 Powerlong, New Dist., Wuxi",13338116830,"120.359813,31.546954"
140,CN,Wuxi,-,One City Shopping Center,"LILY, 1/F, One City Shopping Center, Middle Chengjiang Rd., Jiangyin, Jiangsu",0510-68170017,"120.30426,31.929459"
141,CN,Wuxi,-,Oriental Fashion,"LILY Counter, 2/F, Oriental Fashion, No. 216, Middle Renmin Rd., Yixing",0510-87221686,"119.824036,31.370558"
142,CN,Wuxi,-,Wanda Plaza,"No. 1033, Wanda Plaza, No. 550, Donghong Rd., Yicheng St., Yixing",0510-87022869,
143,CN,Wuxi,-,Wuxi Yaohan,"lily Counter, 4/F, Wuxi Yaohan, No. 168, Zhongshan Rd., Wuxi",,"120.309153,31.577267"
144,CN,Suzhou,-,Shilu International,"LILY Counter, 3/F, Shilu International, Suzhou",0512-65830723,"120.608341,31.318137"
145,CN,Suzhou,-,-,"LILY Counter, 2/F, No.1381, Renmin Rd., Suzhou",13390884344,"120.627565,31.316529"
146,CN,Suzhou,-,-,"LILY Counter, 2/F, No. 1381, Renmin Rd., Suzhou",13390884344,"120.627565,31.316529"
147,CN,Suzhou,-,-,"LILY Counter, 3/F, No. 106, Fangta St., Suzhou",,"120.74784,31.649821"
148,CN,Suzhou,-,-,"LILY Counter, 3/F, No. 388, Suya Rd., Suzhou Industrial Park",0512-62800423,"120.671045,31.321808"
149,CN,Taicang,-,-,"No. 95, South Renmin RDd., Taicang, Jiangsu",0512-53951978,"121.113661,31.450968"
150,CN,Taicang,-,-,"Room 103, No. 95, South Renmin Rd., Chengxiang County, Taicang",,"121.115229,31.45096"
151,CN,Wujiang,-,Zhengxiang Commercial Plaza,"No. 1055, 1/F, Zhengxiang Commercial Plaza, No. 469, West Jiangxing Rd., Songling Town, Wujing, Jiangsu",0512-82072628,"120.647353,31.17543"
152,CN,Wujiang,-,Chunzhisheng Mall,"Lily (shut down now), Chunzhisheng Mall, Guanyin Lane, Shengze Town, Wujiang",,"120.664616,30.9106"
153,CN,Kunshan,-,Parkson Shopping Mall,"lily Counter, Parkson Shopping Mall, No. 300, West Qianjin Rd., Kunshan",,"120.961216,31.38847"
154,CN,Ruichang,-,Liansheng Commercial,"LILY, 2/F, Liansheng Commercial, Middle Chiwu Rd., Ruichang, Jiangxi",,"115.670927,29.68161"
155,CN,Nanchang,-,-,"LILY, No. 119, Zhongshan Rd., Nanchang",86268396,"115.89783,28.68149"
156,CN,Nanchang,-,-,"LILY Counter, 3/F, Rainbow, No. 318, Zhongshan Rd., Nanchang, Jiangxi",86778371,"115.898558,28.681529"
157,CN,Nanchang,New,Lijing Intersection,"No., 388, Lijing Intersection, New Dist., Honggutan, Nanchang, Jiangxi",83971392,"115.85905,28.68042"
158,CN,Nanchang,New,Lianfa Plaza,"lily Counter, 2/F, Lianfa Plaza, No. 129, Lvyin Rd., New Dist., Honggutan, Nanchang",83989252,"115.870326,28.695071"
159,CN,Shangrao,-,Times Square,"lily Counter, No. 113-114, Building 2, Times Square, Guangfeng County, Jiangxi",,"118.191801,28.442659"
160,CN,Shangrao,-,-,"No. 47, Northeast Gan Main Rd., Shangrao, Jiangxi",,"117.977867,28.44919"
161,CN,Shangrao,-,Hongkelong Mall,"LILY Counter, 3/F, Hongkelong Mall, Shangrao, Jiangxi",,"117.974431,28.45233"
162,CN,Xinyu,-,Better Life Shopping Mall,"lily, 3/F, Better Life Shopping Mall, North Shengli Rd., Xinyu, Jiangxi",,"114.945288,27.809873"
163,CN,Yichun,-,Better Life,"LILY Counter, 3/F, Better Life, North Shengli Rd., Yichun, Jiangxi",,"114.3999,27.811275"
164,CN,Qingdao,Licang,Wanda Plaza,"LILY Counter, 2/F, Licang Wanda, Plaza, No. 178, Jufeng Rd., Licang Dist., Qingdao",13325010870,"120.44161,36.17394"
165,CN,Qingdao,Shinan,Mykal,"LILY Counter, 3/F, Qingdao Mykal, No. 69, Middle Xianggang Rd., Shinan Dist., Qingdao",13375583991,"120.409663,36.071403"
166,CN,Qingdao,Huangda,Mykal,"LILY Counter, 2/F, Huangdao Mykal, No. 228, Middle Changjiang Rd., Huangdao Dist., Qingdao",13335061587,"120.196599,35.9603"
167,CN,Qingdao,Shibei,Liqun,"LILY Counter, 3/F, Building 3, Taidong Liqun, No. 77, Taidongsan Rd., Shibei Dist., Qingdao",15318861833,"120.362713,36.088365"
168,CN,Dongying,Dongying,Zhenhua Mall,"3/F, Zhenhua Mall, Dongying Dist., Dongying",13505468748,"118.521544,37.467848"
169,CN,Dongying,Dongying,Department Store,"4/F, Department Store, Dongying Dist., Dongying",18866479089,"118.498796,37.467002"
170,CN,Jinan,-,-,"3/F, Building F, No. 5, Jingsi Rd., Jinan",,"117.008568,36.66838"
171,CN,Binzhou,-,Zouping Inzone,"2/F, Zouping Inzone, Zouping County, Binzhou, Shandong",,"117.746877,36.887878"
172,CN,Binzhou,-,Xinyue International Shopping Mall,"No. 137, 138, Xinyue International Shopping Mall, Binzhou, Shandong",,"118.026201,37.38077"
173,CN,Dezhou,-,-,"No. 118, Middle Hubin Avenue",,"116.314997,37.450569"
174,CN,Jining,-,Jining Yunchenghe Shopping Center,"2/F, Jining Yunchenghe Shopping Center, Jining, Shandong",,"116.596494,35.413198"
175,CN,Jining,-,Guihe Shopping Center,"2/F, Guihe Shopping Center, Zoucheng County, Jining, Shandong",,"116.597304,35.412481"
176,CN,Linyi,-,Linyi Taoyuan Mall,"3/F, Linyi Taoyuan Mall, Linyi, Shandong",,"118.341936,35.06649"
177,CN,Linyi,-,Baoqing Mall,"1/F, Baoqing Mall, Cangshan County, Linyi",,"118.077003,34.855506"
178,CN,Zibo,-,-,"Zhangdian Pedestrian Street, Zibo, Shandong",,"118.048602,36.821472"
179,CN,Tengzhou,,Inzone Shopping Mall,"2/F, Inzone Shopping Mall, Tengzhou, Shandong",,"117.161182,35.088245"
180,CN,Heze,-,-,"1/F, Heze Shangri-La Pedestrian Street, Heze, Shandong",,"115.470868,35.244614"
181,CN,Taian,-,-,"2/F, No. 90, Caiyuan Main St., Tai' an, Shandong",,"117.131976,36.193883"
182,CN,Yanzhou,-,-,"2/F, No. 103, Jianshe Rd., Yanzhou, Shandong",,"116.829053,35.561571"
183,CN,Longkou,-,-,"No. 258, Donglai St., Longkou",15154557517,"120.535947,37.651917"
184,CN,Shouguang,-,KOF Building,"LILY, 2/F, KOF Building, No.17, Yinhai Rd., Shouguang",5190896,"118.755847,36.885976"
185,CN,Weifang,-,KOF Building,"LILY for Ladies, 3/F, KOF Building, No. 233, West Shengli St., Weifang",8396510,"119.112771,36.713944"
186,CN,Weifang,-,KOF Building,"LILY for Ladies, 3/F, Shengrongdian, KOF Building, intersection at Xinhua Rd., and Fushou Rd., Weifang",8465759,"119.15482,36.726748"
187,CN,Weihai,Huancui,Weihai Hualian Mall,"LILY, 4/F, Weihai Hualian Mall, No. 58, Xinwei Rd., Huancui Dist., Weihai ",0631-5199608,"122.127796,37.509672"
188,CN,Yantai, Zhifu,,"lily Counter, 2/F, No. 16, West Beida St., Zhifu Dist., Yantai, Shandong",0535-6582053,"121.395053,37.547934"
189,CN,Yantai,Laishan,-,"lily Counter, 2/F, No. 253, Yingchun Main St., Laishan Dist., Yantai, Shandong",,"121.439278,37.460749"
190,CN,Ningbo,Jiangdong,Centuray Oriental Plaza,"2/F, Centuray Oriental Plaza, No. 1083, East Zhongshan Rd., Jiangdong Dist., Ningbo",87139692,"121.600039,29.868012"
191,CN,Ningbo,Yinzhou,Wanda Plaza,"1A-13, Wanda Plaza, Yinzhou Dist., Ningbo",83050539,"121.552726,29.831719"
192,CN,Ningbo,,,1A-15,83870250,"121.53689,29.922532"
193,CN,Yuyao,-,Jintai Department Store,"LILY Counter, 2/F, Jintai Department Store, No. 168, South Binjiang Rd., Yuyao",62733336,"121.163074,30.052096"
194,CN,Yuyao,-,Hualian Mall,"LILY  Counter, 2/F, Hualian Mall, No. 55, Xinjian Rd., Yuyao",62626515,"121.163213,30.055327"
195,CN,Shaoxing,-, Wanda Plaza,"No. 1017-1018, Keqiao Wanda Plaza Interior Pedestrian Street",0575-81190018,"120.516301,30.098593"
196,CN,Shaoxing,-,Tianhong Mall,"2/F, Tianhong Mall, opposite to Furama Hotel, Diyang Rd., Keqiao",0575-81109760,"120.497204,30.090008"
197,CN,Shaoxing,-,Shimao Plaza,"1/F, Shimao Plaza, No. 360, East Shengli Rd., Shaoxing, Zhejiang",,"120.601205,30.010202"
198,CN,Shaoxing,-,Runhe Shopping Mall,"2/F, LILY Miss Shop, Runhe Shopping Mall, No. 515, North Jiejue Rd., Shaoxing",,"120.587245,30.004033"
199,CN,Huzhou,-,Xinghuo Department Store,"LILY Counter, 3/F, Xinghuo Department Store, No. 9-11, Zhicheng Rd., Huzhou",2053578,"120.107323,30.871738"
200,CN,Huzhou,-,Changxing Zhebei Shopping Mall,"LILY Counter, 2/F, Changxing Zhebei Shopping Mall, No. 258, North Jinling Rd., Changxing County",6127833,"119.910136,31.025667"
201,CN,Huzhou,-,Zhebei Building,"LILY Counter, 2/F, Nanxundian, Zhebei Building, Century Mall, No. 73, South Zhenjiang Rd., Nanxun County, Huzhou, Zhejiang",3876052,"120.426972,30.880327"
202,CN,Jiaxing,-,-,"LILY Counter, 2/F, Diamond, Jiaxing (intersection between Zhongshan Rd., and Hexing Rd.)",,"120.768758,30.747242"
203,CN,Jiaxing,-,Rainbow Department Store,"LILY Counter, Rainbow Department Store, Jiaxing, Zhejiang",,"120.715012,30.768228"
204,CN,Linhai,-,-,"No. 22, Middle Zhongshan Rd., Linhai, Zhejiang",,"120.177391,30.245015"
205,CN,Jinhua,-,-,"No. 87, East Xinhua Rd., Pujiang County, Zhejiang",,"119.89613,29.462963"
206,CN,Shangyu,-,-,"LILY Counter, 3/F, No. 689, Shimin Main St., Shangyu, Zhejiang",,"120.879709,30.038883"
207,CN,Taizhou,-,Yaoda Department Store,"LILY Counter, 3/F, Yaoda Department Store, Shifu Main St., Jiaojiang Dist., Taizhou",,"121.436997,28.65776"
208,CN,Taizhou,-, Luqiao Oriental Hualian Shopping Center,"LILY Counter, 2/F, Luqiao Oriental Hualian Shopping Center, Taizhou",,"121.380324,28.584402"
209,CN,Taizhou,-,Jinsheng Shopping Center,"lily Counter, 2/F, Jinsheng Shopping Center, intersection between Guangling Rd. and Tai' an Rd., Yuhuan Pearl Harbor, Taizhou, Zhejiang",,"121.238374,28.136183"
210,CN,Tongxiang,-,-,"No. 393, Chenghe Rd., Tongxiang, Zhejiang",0573-88211299,"120.556852,30.64016"
211,CN,Wenzhou,-,Wanda Plaza,"No. 1188, Yongding Rd., Longwan Yongzhong St., Wanda Plaza, Longwan Dist., Wenzhou",0577-55888388,"120.818162,27.92566"
212,CN,Fuzhou,-,Rainbow Department Store,"LILY Counter, 2/F, Rainbow Department Store, MIXC, Fuzhou",,"119.296793,26.07068"
213,CN,Fuzhou,-,-,"No. 8 Store, Building 1&2, Xihong Community, Gulou Dist., Fuzhou",,"119.291574,26.091777"
214,CN,Fuzhou,,,Shut Down,,
215,CN,Nanan,-,Dongnan Plaza,"No. 110, Building 28, Dongnan Plaza, Shuitou Town, Nan' an, Fujian",,"118.43386,24.713141"
216,CN,Longyan,-,Xiakeng Jinxiu Huating Zundi Shopping Center,"No. 1006, 1/F, Xiakeng Jinxiu Huating Zundi Shopping Center, Yongding County, Longyan, Fujian",,"116.738029,24.721913"
217,CN,Zhangzhou,-,Zhongmin Baihui Mal,"4/F, Zhongmin Baihui Mall, No. 1, North Yan' an Rd., Zhangzhou, Fujian",0596—2023597,"117.661249,24.514099"
218,CN,Zhangzhou,-,,"L2-22 Wanda Plaza, Jianyuan Rd., Longwen Dist., Zhangzhou, Fujian",,"117.673744,24.504954"
219,CN,Quanzhou,-,,"4/F, Zhongmin Baihui Mall, No. 1, North Yan' an Rd., Zhangzhou, Fujian",0596—2023597,"118.596784,24.909743"
220,CN,Quanzhou,-,,"L2-22 Wanda Plaza, Jianyuan Rd., Longwen Dist., Zhangzhou, Fujian",,"118.806986,25.0398"
221,CN,Xiamen,-,"PrintempsDepartment Store, World Trade Center","4F, No. 878-888, Xiahe Rd., Siming Dist., Xiamen, Fujian",,"118.119843,24.474134"
222,CN,Xiamen,-,"SM City Plaza, Xiamen","2/F, No. 468, Jiahe Rd., Xiamen, Fujian",,"118.133588,24.507609"
223,CN,Xiamen,-,Robinsons  Shopping Plaza,"2/F, No. 889-899, Xiahe Rd., Siming Dist., Xiamen, Fujian",,"118.118708,24.475149"
224,CN,Xiamen,-,California City Plaza,"LILY Counter,1/F, California City Plaza, No. 123, East Lianqian Rd., Siming Dist., Xiamen, Fujian",5231578,"118.164879,24.482462"
225,CN,Foshan,-,Poly Canal Plaza,"LILY, Top F, Poly Canal Plaza, No. 20, East Denghu Rd., Guicheng St., Nanhai Dist., Foshan, Guangdong (near McDonald's)",,"113.155089,23.066676"
226,CN,Foshan,Nanhai,Shuncheng Plaza ,"LILY, Room 218, 2/F, Shuncheng Plaza (Jusco), East Nanguo Rd., Daliang St., Nanhai Dist., Foshan, Guangdong",,"113.277679,22.834671"
227,CN,Foshan,Nanhai,Perennial Plaza,"lily, 1/F, Perennial Plaza, No. 45, South Guilan Rd., Guicheng St., Nanhai Dist., Foshan",,"113.160506,23.018105"
228,CN,Huizhou, Huicheng, Aeon Shopping Center,"2/F, Aeon Shopping Center, No. 8, West Donghu Rd., Dongping St., Huicheng Dist., Huizhou, Guangdong",,"114.437078,23.09256"
229,CN,Shantou,Hu,Parkson,"LILY, 3/F, Parkson, Middle Section of Changping Rd., Hu Dist., Shantou, Guangdonhg",,"116.712756,23.36762"
230,CN,Zhuhai,Xiangzhou,Gongbei Yingbin Plaza,"lily, 1/f, Gongbei Yingbin Plaza, Xiangzhou Dist., Zhuhai",0756-8899480,"113.560011,22.229433"
231,CN,Nanning,-,Dream Island Department Store,"LILY Counter, 3/F, Dream Island Department Store, No. 49, Middle Section of Minzu St., Nanning",0773-2566393,"108.342317,22.819511"
232,CN,Nanning,Xingning,Department Store,"LILY Counter, 2/F, Department Store, No. 39, Chaoyang Rd., Xingning Dist., Nanning",,"108.326898,22.823675"
233,CN,Nanning,Xingning,"Nanning Bailian Parkson  No. 39,","LILY Counter, 4/F, Nanning Bailian Parkson, No. 18, Qingyun St., Chaoyang Rd., Xingning Dist., Nanning",0771-2639543,"108.329522,22.820261"
234,CN,Nanning,-,Naning Dream Island&Crystal Mal,"LILY Counter, 2/F, Naning Dream Island&Crystal Mall, No. 61, Jinhu Rd., Nanning",0771-5503663,"108.376211,22.823388"
235,CN,Nanning,-,Xi Nan Shang Du Parkson,"LILY Counter, 4/F, Xi Nan Shang Du Parkson, No. 29, Chaoyang Rd., Xingning Dist., Nanning",0771-2675291,"108.327613,22.821264"
236,CN,Guilin,Xiangshan,"Guilin Dream Island, No. 20","LILY Counter, 2/F, Guilin Dream Island, No. 20, Middle Zhongshan Rd., Xiangshan Dist., Guizhou",,"110.300197,25.27971"
237,CN,Baise,-,Henderson Plaza,"LILY Counter, No. A2325, Henderson Plaza, Baise, Guangxi",0776-2873809,"106.622085,23.903944"
238,CN,Baise,-,Jinpai Hotel Brand Plaza,"No. 7, Jinpai Hotel Brand PLaza, Zhongshanyi Rd., Baise, Guangxi",0776-2855898,"106.624252,23.903477"
239,CN,Baise,-,Jinpai Plaza,"store transferred to LILY, Jinpai Plaza",0776-2855898,"106.624252,23.903477"
240,CN,Beihai,-,-,"LILY Counter, 2/F, Middle Beibuwan Rd. & Anshanggang, Beihai",0776-2855898,"109.120907,21.479414"
241,CN,Dongxing,-,-,"No. 202, Beilun Main St., Dongxing, Guangxi",0776-2855898,"107.978705,21.549223"
242,CN,Liuzhou,-,International Mall,"LILY Counter, 2/F, Section B, International Mall, Gubu St., No. 1, Fei'e'er Rd., Liuzhou",,"109.41605,24.308884"
243,CN,Yulin,-,Jincheng Shopping Mall,"LILY, 3/F, Jincheng Shopping Mall, Yulin, Guangxi",0776-2855898,"110.163533,22.638316"
244,CN,Guiyang,-,Daximen,-,5282770,"106.713359,26.583601"
245,CN,Guiyang,-,"Middle Zhonghua Rd., Guiyang",-,,"106.719265,26.58487"
246,CN,Guiyang,-,,-,5840676,"106.714369,26.583186"
247,CN,Guiyang,-,Dashizi,-,5814354,"106.72043,26.590855"
248,CN,Zunyi,-,"Zhongshan Rd., Honghuagang, Zunyi",,,"106.932584,27.688308"
249,CN,Bijie,-,-,"No. 19, Bijie No. 1 High School",,"105.292215,27.303119"
250,CN,Bijie,-,-,"Guihua Rd., Bijie",,"105.289929,27.306037"
251,CN,Anshun,-,-,"Middle Ring Rd., Anshun",13595356611,"105.941641,26.251918"
252,CN,Kaili,-,-,East Beijing Rd.,13688557766,"107.989106,26.5892"
253,CN,Tongren,-,-,"Jianjiang Middle Rd., Tongren",,"107.521566,26.268729"
254,CN,Tongren,-,Diwang Plaza,"Diwang Plaza, Tongren",15329060858,"109.199129,27.725199"
255,CN,Tongren,-,Jinyang Square,"Jinyang Square, Songtao County",13638113477,"109.207857,28.171212"
256,CN,Haikou,Longhu,Oriental Plaza,"LILY Counter, 3/F, Oriental Plaza, No. 99, Yiheng Rd., Longhua Dist., Haikou",0898-66115199,"110.344272,20.044538"
257,CN,Haikou,-,Seaview International Plaza,"LILY Counter, 2/F, Seaview International Plaza",0898-66765282,-
258,CN,Danzhou,-,Oriental Plaza,"lily Counter, 2/F, Oriental Plaza (opposite to Xinhua Bookstore), Sanjiao St., Jiefang Rd., Nada Town, Danzhou, Hainan",0898-23837832,"110.344447,20.044534"
259,CN,Pingdingshan,-,Yingcheng World Trade Plaza,"LILY, 2/F, Yingcheng World Trade Plaza, Pingdingshan, Henan ",,"113.316258,33.745464"
260,CN,Pingdingshan,-,DENNIS Department Store,"LILY Counter, 2/F, DENNIS Department Store, Pingdingshan, Henan",,"113.313203,33.746132"
261,CN,Zhengzhou,Jinshui,China Trade Center,"China Trade Center (at the intersection of Nongye Rd.) No. 39, Huayuan Rd., Jinshui Dist., Zhengzhou",0371-65701384,"113.688132,34.790724"
262,CN,Zhengzhou, Erqi,-,"No. 72, East Taikang Rd.(Near Renmin Rd.), Erqi Dist., Zhengzhou ",0371-66255589,"113.677263,34.760525"
263,CN,Zhengzhou,Erqi,Erqi Square,"Erqi Square(near Train Station), No. 230, Erqi Rd., Erqi Dist., Zhengzhou",0371-66283885,"113.673309,34.758579"
264,CN,Zhengzhou,-,Jinshui,"No. 83, Huayuan Rd., Jinshui Dist., Zhengzhou",0371-65909033,"113.688365,34.774125"
265,CN,Zhengzhou,-,-,"Mianfang Rd. (Tongbai Intersection), Zhongyuan Dist.",0371-86546982,"113.619902,34.76673"
266,CN,Zhengzhou,Erqi,Kingbird City,"Kingbird City, No. 200, North Erqi Rd., Erqi Dist., Zhengzhou  ",0371-66036535,"113.672425,34.761126"
267,CN,Changge,Baosheng Living Plaza,Department Store,"lily Counter, 2/F, Department Store, Baosheng Living Plaza, Changge ",,"113.794835,34.223349"
268,CN,Xuchang,-,Life Square,"2/F, Life Square of PDL, No. 804, Yingchang Main Street, Xuchang",0374-2652746,"113.831895,34.023248"
269,CN,Xuchang,-,-,"lily Counter, East Section of Yingbin Rd., Yuzhou, Xuchang",0374-8255868,"113.486261,34.162159"
270,CN,Xinyang,-,"LILY Counter, 2/F, Xiya Hemei Plaza","Middle Section of Dongfanghong Main Street, Xinyang",15978368126,"114.075244,32.128057"
271,CN,Xinyang,-,Rainmaker Plaza,"lily Counter,2/F, Rainmaker Plaza, intersection between Jianshe Rd. and Renmin Rd., Xinyang",0376-3228585,"114.087246,32.131753"
272,CN,Anyang,Wenfeng,-,"lily Counter, 2/F, DENNIS, Zhangdefu, Wenfeng Middle Rd., Wenfeng Dist., Anyang",15637206927,"114.366012,36.104365"
273,CN,Jiaozuo,-,Sanwei Commercial Plaza,"LILY Counter, 2/F, Sanwei Commercial Plaza, No. 908, Jiefang Rd., Jiaozuo, Henan",15993759707,"113.237026,35.247621"
274,CN,Kaifeng,-,Dashang Group New Mart Shopping Plaza,"lily Counter, 2/F, Dashang Group New Mart Shopping Plaza, Kaifeng",13333781380,"114.356409,34.806546"
275,CN,zhoukou,-,Wanshunda Department Store,"LILY Counter, Wanshunda Department Store, intersection between Wuyi Rd. and Qiyi Rd., Zhoukou, Henan",0394-8281116,"114.65525,33.623285"
276,CN,Zhumadian,-,Dashang Group New Mart,"LILY Counter, 2/F, Dashang Group New Mart, Leshan Avenue, Zhumadian",0396-2369229,"114.039072,32.985025"
277,CN,Luohe,-,Kingson Department Store,"LILY Counter, 2/F, Kingson Department Store, Jiaotong Rd., Luohe",0395-5598216,"114.04519,33.576781"
278,CN,Nanyang,Wancheng,Hongdu Department Store,"LILY Women, 2/F, Hongdu Department Store, No. 755, South Renmin Rd., Wancheng Dist., Nanyang",0377-60668816,"112.543225,33.003271"
279,CN,Nanyang,-,Longsheng Store,"lily Counter, 2/F, Longsheng Store, intersection between Baiyu Rd. and Dianchang Rd., Xixia County, Nanyang",0377-69973888,"111.491415,33.30791"
280,CN,Nanyang,-,-,"LILY Boutique, Xiaochang Rd., Zhenping County, Nanyang",15238118787,"112.240289,33.040576"
281,CN,Puyang,-,People Life Square,"lily Counter, 2/F, People Life Square, Huanghe Rd., Puyang",0393-8585588,"115.068883,35.777393"
282,CN,Xinxiang,-,Life Square of PDL,"LILY Counter, 2/F, Life Square of PDL, Pingyuan Rd.& Shengli Rd., Xinxiang, Henan",0373-2033565,"113.883459,35.311451"
283,CN,Xinxiang,-,-,"lily boutique, Longshan Business Street, Changyuan",,"114.692483,35.201188"
284,CN,Gongyi,-,Shine Real Time Plaza,"lily, 2/F, Shine Real Time Plaza, Gongyi",0371-69598258,"112.991374,34.760731"
285,CN,Hebi,-,Yulong Shopping Mall,"3/F, Yulong Shopping Mall (Jintai), Hebi",0392-6911073,"114.300072,35.757456"
286,CN,Shangqiu,-,-,"LILY, Shangqiu, Henan",0370-2983611,"115.661766,34.445093"
287,CN,Luoyang,-,Wanda Plaza,"lily Counter, 1/F, Wanda Plaza, Luoyang",0379-64155998,"112.414752,34.660188"
288,CN,Luoyang,Xigong,Central China- Triumph Plaza,"Central China- Triumph Plaza, south of the road, 200m from the east of intersection between East Renmin Rd. and Zhongzhou Middle Rd., Xigong Dist., Luoyang ",,"112.454106,34.680378"
289,CN,Xinzheng,-,-,"Weishui Rd., ,Xinzheng",0371-69656669,"113.743592,34.400907"
290,CN,Zhengzhou,-,-,"intersection between Zhongyuan Rd. and Qinling Rd., Zhengzhou",,"113.609077,34.753"
291,CN,Changsha,-,Friendship Shopping Center,"LILY Counter, 3/F, Friendship Shopping Center, Laodong Middle Rd., Changsha",0731-85818338,"113.001656,28.174245"
292,CN,Changsha,-,Wanda,"LILY, Wanda, West Jiefang Rd., Changsha",0731-82250405,"112.981778,28.196804"
293,CN,Changsha,-,Friendship&Apollo Mall,"LILY Counter, 2/ F, Friendship&Apollo Mall, West of overpass on Renmin Rd., Changsha",0731-84938925,"113.014225,28.190746"
294,CN,Changsha,-,Friendship Shopping Mall,"LILY Counter, 5/F, Building B, Friendship Shopping Mall, No. 368, Wuyi Avenue, Yuanjialing, Furong Dist., Changsha",0731-84144729,"113.004142,28.201531"
295,CN,Changsha,Tianxin,ID Mall,"Room 320 (LILY Counter), 3/F, ID Mall, No. 216, Pozi St., Tianxin Dist., Changsha",0731-89740865,"112.981486,28.195403"
296,CN,Changsha,-,Tongcheng Commercial Plaza,"LILY boutique, Tongcheng Commercial Plaza, No. 1, Kaiyuan Rd., Xingsha",,"113.091814,28.251301"
297,CN,Changsha,Tianxin,-,"LILY Boutique, No. 27&16121, Third Section, South Furong Rd., Tianxin Dist., Changsha, Hunan",,"112.996784,28.076257"
298,CN,Changsha,Yuelu," 3/F, store in AUX plaza","LILY, 3/F, store in AUX plaza, HEIWADO (China) Co., Ltd. , No. 57, Yuelu Avenue, Yuelu Dist., Changsha",0731-89601467,"112.960818,28.231554"
299,CN,Changsha,-,HEIWADO Business Building,"LILY Counter, 3/F, HEIWADO Business Building, No. 88, Huangxing Middle Rd., Changsha, Hunan",,"112.983745,28.199884"
300,CN,Zhuzhou,-,-,"LILY Counter, 1/fF, HEIWADO, No. 61, Chezhan Rd., Lusong Dist., Zhuzhou",0731-22833561,"113.16029,27.840398"
301,CN,Zhuzhou,-,Wangfujing Shopping Mall,"LILY Counter, 3/F, Wangfujing Shopping Mall, West Xinhua Rd., Zhuzhou",0731-22529688,"113.16011,27.844926"
302,CN,Zhuzhou,Tianyuan,Tianyuan Shopping Mall,"LILY, 3/F, Tianyuan Shopping Mall, Tianyuan Dist., Zhuzhou",0731-28208932,"113.142978,27.834425"
303,CN,Zhuzhou,-,Central Plaza Department Store,"Side hall, 5/F, Central Plaza Department Store, Zhuzhou",0731-28282267,"113.158849,27.84495"
304,CN,Xiangtan,-,Hualong-Better Life,"3/F, Hualong-Better Life, Xiangtan",0731-52337715,"112.924253,27.840621"
305,CN,Chenzhou,-,"2/F, Youyizhonghuangcheng","lily Counter, 2/F, Youyizhonghuangcheng, No. 18, North Guoqing Rd., Chenzhou, Hunan",,"113.036548,25.806016"
306,CN,Xiangxi,-,-,"lily boutique, Middle section of Choayang Rd., Longshan County, Xiangxi Autonomous Prefecture, Hunan",0743-6231811,"109.72776,28.26794"
307,CN,Liling,-,International New City,"No. 2-116, International New City, Liling, Hunan",0731-23368958,"113.505485,27.668958"
308,CN,Liuyang,-,Tongcheng Commercial Plaza,"LILY Counter, 1/F, Tongcheng Commercial Plaza, Jinsha Middle Rd., Liuyang",0731-83670007,"113.634127,28.139822"
309,CN,Loudi,Louxing,Wanhao City Plaza,"lily, 1/F, Wanhao City, Plaza, Louxing Dist., Hunan",0738_2881162,"112.013,27.73349"
310,CN,Loudi,-,-,"LILY, 2/F, No. 42, Changqing Middle St., Loudi",0738-8226873,"112.021264,27.735364"
311,CN,Shaoyang,-,-,"No. 364-366, Second section of Hetian Rd., Shaodong County, Shaoyang, Hunan",0739-2731276,"111.748183,27.26293"
312,CN,Shaoyang,-,"No. 704, Building B, Zhuosong Yicheng","No. 704, Building B, Zhuosong Yicheng, Zhongxin Rd., Shaoyang",0739-5435831,"111.47221,27.241658"
313,CN,Shaoyang,-,Capita Mall,"Hequnfang, 18973730345, LILY Counter, 1/F, Capita Mall, Taohualun, Yiyang",0737-6789868,"112.360521,28.586004"
314,CN,Yiyang,-,opposite to Kaifeng Hotel,"LILY boutique, opposite to Kaifeng Hotel,North Nanhua Rd., Nanxian County",,"112.41808,29.376769"
315,CN,Yongzhou,-,Friendship Plaza,"LILY Counter, 2/F, Friendship Plaza, Dongbinjiang, Lengshuitan Dist., Yongzhou ",0746-8336599,"111.611042,26.440473"
316,CN,Yongzhou,-,-,"LILY boutique (next to Designice), Minsheng Rd., Qiyang, Hunan",0746-3256566,"111.868392,26.591431"
317,CN,Huaihua,-,Women Counter,"LILY Women Counter, 2/F, Better life, Huaihua",0745-2370106,"109.978854,27.559922"
318,CN,Huaihua,Hecheng,Tongcheng Commercial Plaza,"Tongcheng Commercial Plaza, near Train Station, West Yingfeng Rd., Hecheng Dist., Huaihua",,"109.973938,27.562917"
319,CN,Changde,Wuling,Jintaili-Better Life Women,"LILY Counter, Jintaili-Better Life Women, Renmin  Rd., Wuling Dist., Changde, Hunan",,"111.704417,29.032628"
320,CN,Zhangjiajie,Yongding,-,"No. 19, Beizheng St., Yongding Dist., Zhangjiajie",0744-2185377,"110.492533,29.13172"
321,CN,Kunming,Wuhua,-,"2/F, No. 98, Fuchun St., Renmin Middle St., Wuhua Dist., Kunming, Yunnan",0871-63648092,"102.70925,25.049298"
322,CN,Kunming,Panlong,Fenghuangcheng,"No. 40, 1/F, Fenghuangcheng, Beichen Community, Panlong Dist., Kunming, Yunnan",0871-65634342,"102.742451,25.085894"
323,CN,Kunming,Wuhua,Xinxinan Square,"B206-207, 2/F, Xinxinan Square,  No. 17, Renmin Middle Rd., Wuhua Dist., Kunming, Yunnan",0871-63189392,"102.721417,25.048373"
324,CN,Kunming,Wuhua,"2/F, IVYKKI","2/F, IVYKKI, Qingnian Rd., Wuhua Dist., Kunming, Yunnan",0871-63152062,"102.722172,25.048851"
325,CN,Kunming,Wuhua,Shuncheng Shopping Mal,"E2-12, 2/F, Shuncheng Shopping Mall, Wuhua Dist., Kunming, Yunnan",0871-63662187,"102.714627,25.042369"
326,CN,Kunming ,Wuhua,-,"1/F, No. 104, Zhengyi Rd., Wuhua Dist., Kunming, Yunnan",0871-68369353,"102.716146,25.046924"
327,CN,Puer,Simao,-,"E17-18, Wuyi Pedestrian Street, Simao Dist., Pu' er, Yunnan",0879-2149668,"100.978984,22.789524"
328,CN,Yuxi,Hongtan,-,"No. 79-8-2, Fenghuang Rd., Hongtan Dist., Yuxi, Yunnan",0877-2021178,"102.552011,24.353585"
329,CN,Chengdu,-,Longhu Community,"No. 9-1-502, Longhu Community, No. 18, East Shuxin Rd.",13518186606,"103.900467,30.801048"
330,CN,Chengdu,-,-,"No. 4-1-2, First Section, West Yihuan Rd.",028-85225155,"104.048079,30.649515"
331,CN,Chengdu,-,-,"1/F, , No. 1, Nanchang Rd.",028-85833808,"103.929292,30.576994"
332,CN,Chengdu,-,-,"No. 154, North Kehua Rd.",028-85250348,"104.082956,30.630076"
333,CN,Chengdu,-,-,"No. 121, Guangchang Rd., Longquan Subdistrict Office",028-84860159,"104.273901,30.563829"
334,CN,Chengdu,-,-,"No. 195, Beida St., Tianpeng Town",028-83880772,"103.948708,30.994302"
335,CN,Xichang,-,"1/F, Century Mall","1/F, Century Mall,Hangtian Avenue, Xichang",,"102.258109,27.884118"
336,CN,Xichang,-,-,"No. 2, Jiankang Rd., Xichang, Sichuan",,"102.271485,27.891845"
337,CN,Wulumuqi,-,"2/F, Taibai Shopping Mall","2/F, Taibai Shopping Mall, No. 566, North Youhao Rd., Urumqi",0991-4829967,"87.596353,43.828997"
338,CN,Wulumuqi,-,New Asia Plaza,"New Asia Plaza, Dixia St., Hongqi Rd., No. 230, Zhongshan Rd., Urumqi",0991-2319825,"87.623481,43.802839"
339,CN,Wulumuqi,Tianshan,-,"3/F, Wuika Times, Zhongshan Rd., Tianshan Dist., Urumqi",0991-2825863,"87.624925,43.800125"
340,CN,Wulumuqi,Xinshi,Xidan Department Store,"4/F, Xidan Department Store, Railway Bureau, Xinshi Dist., Urumqi",0991-3691713,"87.568534,43.874517"
341,CN,Wulumuqi,Tianshan,"2/F, Wangfujing","2/F, Wangfujing, No. 116, North Jiefang Rd., Tianshan Dist., Urumqi ",0991-2208306,"87.628981,43.803629"
342,CN,Wulumuqi,-,Friendship&Fashion Shopping Mall,"Section A, 2/F, Friendship&Fashion Shopping Mall, No. 136, South Changcun Rd., Urumqi",0991-3195370,"87.589877,43.87402"
343,CN,Wulumuqi,-,Wuika Times Shopping Mall,"2/F, Wuika Times Shopping Mall, diagonal to , Beijing Middle Rd.",0991-3827835,"87.563835,43.881993"
344,CN,Akesu,-,Taibai Shopping Mall,"2/F, Taibai Shopping Mall, No. 33-1, East Xinhua Rd., Aksu",0997--6331788,"80.268512,41.17921"
345,CN,Yining,-,Yangguang Times Square,"3/F, Yangguang Times Square, Yining",0999--7835520,"81.314537,43.93227"
346,CN,Kashi,-,-,"LILY boutique, No. 43, Kashgar Pedestrian Street",,"75.990193,39.471837"
347,CN,Kashi,-,Huanjiang New World,"2/F, Huanjiang New World, Kashgar",,"75.985281,39.47246"
348,CN,Kuitun,-,Friendship&Fashion Shopping Mall,"2/F, Friendship&Fashion Shopping Mall, Kuytun",0992-3336968,"84.914645,44.430751"
349,CN,Shihezi,-,"3/F, Times Square","3/F, Times Square, Shihezi",0993--2066588,"86.046079,44.316458"
350,CN,Changji,Jiangbei,-,"2/F, No. 198, North Yan' an Rd., Changji, Xinjiang",,"87.316655,44.022746"
351,CN,Chongqing,Jiangbei,Maoye Department Store,"4/F, Maoye Department Store, Guanyin Bridge, Jiangbei Dist., Chongqing",67850251,"106.537814,29.583516"
352,CN,Chongqing,Jiangbei,New World,"3/F, New World, Guanyin Bridge Pedestrian Street, Jiangbei Dist., Chongqing",67748386,"106.539288,29.580136"
353,CN,Chongqing,Yubei,"2/F,  Konggang-Macy's","2/F,  Konggang-Macy's, Liang Rd., Yubei Dist., Chongqing",,"106.639288,29.723181"
354,CN,Chongqing,-,"2/F, Chongqing Department Store","2/F, Chongqing Department Store, Yangjiaping, Chongqing",13108989834,"106.521477,29.516294"
355,CN,Chongqing,Nan' an,"2/F, Bailian-Shanghai","2/F, Bailian-Shanghai, Nan' an Dist., Chongqing",62874994,"106.567935,29.535009"
356,CN,Chongqing,-,Chongqing Department Store center store,"2/F, Chongqing Department Store center store, Beibei Dist., Chongqing",68280196,"106.443159,29.832487"
357,CN,Chongqing,Nan' an,"LG/F, Wanda Plaza, ","LG/F, Wanda Plaza, Nan' an Dist., Chongqing",62976890,"106.574904,29.533391"
358,CN,Chongqing,-,"2/F, Chongqing Department Store","2/F, Chongqing Department Store, Taibai Rd., Wanzhou",58981381,"108.381373,30.818027"
359,CN,Chongqing,-,Chongqing Mall,"2/F, Chongqing Mall, Building C,  Shanghaicheng, Bishan",67955607,"106.23791,29.593265"
360,CN,Chongqing,-,Qianjian,"2/F, Yi, Xindaxing Qianjiang Dist.",85081506,"108.784658,29.536427"
361,CN,Chongqing,-,"1/F, Chongqing Department Store","1/F, Chongqing Department Store, Tongliang County",18203034440,"106.061343,29.851436"
362,CN,Chongqing,-,"2/F, Chongqing Department Store","2/F, Chongqing Department Store, Fengdu County",70715838,"107.741167,29.872851"
363,CN,Chongqing,-,"C-16-1, Dazu Shopping Mall","C-16-1, Dazu Shopping Mall",18623144996,"105.718492,29.70427"
364,CN,Chongqing,Shapingba,"2/F, Capita Mall","2/F, Capita Mall, Shapingba Dist., Chongqing",65601185,"106.469274,29.562784"
365,CN,Chongqing,-,Novo Shopping Mall Wanda Plaza,"Novo Shopping Mall, Wanda Plaza, Beibin Rd., Wanzhou",58999221,"108.388567,30.818677"
366,CN,Baotou,Donghe,-,"Nanmenwai Main St., Donghe Dist., Baotou, Inner Mongolia",,"110.035176,40.585732"
367,CN,Chifeng,Xincheng,United Square,"United Square,Xincheng Dist., Chifeng, Inner Mongolia ",15947691116,"118.892485,42.259332"
368,CN,Linhe,Linhe,Dongfang Poli Square,"LILY Counter, 2/F, Dongfang Poli Square, Linhe Dist., Bayannur, Inner Mongolia",18647137845,"107.423639,40.764663"
369,CN,Wulanhaote,-,-,"No. 10, east of Nanmen, Hongdu Modern Community, Ulanhot",,"122.074998,46.085375"
370,CN,Taiyuan,-,-,"No. 19, South Liuxiang Rd., Taiyuan",13099078246,"112.573611,37.869797"
371,CN,Datong,-,"4/F, Parkson Shopping Center,","4/F, Parkson Shopping Center, South Yongkang Rd., Datong",,"113.301388,40.073057"
372,CN,Changzhi,-,-,"3/F, No. 184, Yingxiong Middle Rd., Changzhi, Shanxi",,"113.121606,36.198314"
373,CN,Xian,Yanta,-,"4/F, No. 123, Chang' an Middle Rd., Yanta Dist., Xi' an, Shaanxi",13359278119,"108.953608,34.229431"
374,CN,Xian,-,Wanda,"Wanda Pedestrian Street, intersection at Jiefang Rd., Xi' an, Shaanxi",13359278119,"108.969691,34.275181"
375,CN,Xian,Beilin,Wanda,"LILY Counter, 3/F, Wanda, Lijia Village, middle section of North Yanta Rd., Beilin Dist., Xi' an",18891446629,"108.969293,34.249523"
376,CN,Hancheng,-,Sanli Shopping Mall,"Sanli Shopping Mall, Taishi Main St., Hancheng, Shaanxi",13892820190,"110.454151,35.481218"
377,CN,Haerbin,-,-,"No. 109, ,Harbin, Heilongjiang",,"126.600694,45.708204"
378,CN,Haerbin,-,"1/F, Wanda Plaza","1/F, Wanda Plaza, Xiangfang Dist., Harbin",,"126.684207,45.746882"
379,CN,Suihua,-,-,"No. 6, Zhengda Rd., Suihua, Heilongjiang",,"126.997332,46.641845"
380,CN,Tonghua,-,-,"2/F, No. 888, Yanjiang Rd., Tonghua, Jilin",,"125.942695,41.713834"
381,CN,Baoding,-,Wanbo Plaza,"3/F, Wanbo Plaza, Chaoyang Main St., Baoding",13722277779,"115.475491,38.883092"
382,CN,Tangshan,-,"3/F, Section C of Rack buildings","LILY, 3/F, Section C of Rack buildings, No. 125, East Xinhua Rd. Tangshan",0315-3727785,"118.186877,39.632039"
383,CN,Qinhuangdao,-,Lifespace Mall,"1/F, Lifespace Mall, Hebei Main St., Qinhuangdao, Hebei",,"119.609986,39.93952"
384,CN,Qinhuangdao,Haigang,Haigang,"1/F, ,Minzu Rd., Haigang Dist., Qinhuangdao",,"119.615188,39.938946"
385,CN,Dalian,-,-,"Wafangdian, Dalian, Liaoning",,"122.008357,39.629059"
386,CN,Jinzhou,Linghe,-,"Fourth Section of Shanghai Rd., Linghe Dist., Jinzhou, Liaoning",,"121.14879,41.12455"
387,CN,Kaiyuan,-,-,"East of Zhengfu St., Kaiyuan Town, No. 148, Kaiyuan Main St., Kaiyuan, Liaoning",,"124.045642,42.54763"
388,CN,Wushun,Xinfu,"3/F, Commercial City","3/F, Commercial City, No. 16, Jiefang Rd., Xinfu Dist., Fushun, Liaoning",,"123.906799,41.865668"
389,CN,Tianjin,Nankai,"3/F, Lebin Department Store","3/F, Lebin Department Store, Nanjing Rd., Heping Dist., Tianjin",,"117.200873,39.12564"
390,CN,Tianjin,Nankai,New World Department Store,"New World Department Store, Dongma Rd., Nankai Dist., Tianjin",,"117.196632,39.146083"
391,CN,Tianjin,Tanggu,-,"No. 2, Xingang Rd., Tanggu Dist., Tianjin",,"117.720191,39.010853"
392,CN,Yima,-,-,"Yinxing Rd., Yima, Henan",,"111.860928,34.765008"
393,CN,Ruzhou,-,-,"2/F, No. 148, Guangcheng Middle Rd., Ruzhou, Henan ",,"112.854714,34.178153"
394,CN,Nanyang,-,-,"LILY boutique, Xiaochang Rd., Zhenping County, Nanyang",15238118787,"112.239068,33.0488"
395,CN,Changyuan,-,Longshan Business Street,"lily boutique, Longshan Business Street, Changyuan",,"114.692473,35.197405"
396,CN,Pingdingshan,-,"2/F, DENNIS Department Store","LILY Counter, 2/F, DENNIS Department Store, Pingdingshan, Henan",,"113.313492,33.750878"
397,CN,Zhuzhou,-,-,"Gongyuan St., Chaling County, Zhuzhou, Hunan",,"113.548907,26.789106"
398,CN,Yongzhou,-,-,"LILY boutique(next to Designice), Minsheng Rd., Qiyang, Hunan",0746-3256566,"111.867512,26.588121"
399,CN,Zhangjiajie,Yongding,-,"No. 19, Beizheng St., Yongding Dist., Zhangjiajie",0744-2185377,"110.493325,29.13883"
400,CN,Zunyi,-,Xingli Mall,"Xingli Mall, Taoxi Rd., Zunyi, Guizhou",,"106.925734,27.679744"
401,CN,Xiamen,Siming,"1/F, California Plaza","LILY boutique, 1/F, California Plaza, No. 123, East Lianqian Rd., Siming Dist., Xiamen, Fujian",5231578,"118.16625,24.481369"
402,CN,Jinjiang,-,"2/F, Powerlong City Plaza","2/F, Powerlong City Plaza, Shiji Avenue, Jinjiang, Fujian",,"118.572766,24.808952"
403,CN,Jinjiang,-,Wanda Plaza,"Wanda Plaza, No. 888, Shiji Avenue, Jinjiang, Fujian",,"118.579374,24.823866"
404,CN,Jinjiang,-,Xinhuadu Department Store,"2/F, Xinhuadu Department Store, Heping Middle Rd., Jinjiang, Fujian",,"118.587988,24.817438"
405,CN,Quanzhou,-,Xinhuadu Department Store,"3/F, Xinhuadu Department Store, Fengze Square, Quanzhou, Fujian",,"118.613148,24.910022"
406,CN,Quanzhou,-,Xinhuadu Department Store,"2/F, Xinhuadu Department Store, Tak Fi Plaza, Baqi Rd., Shishi, Fujian",18965850779,"118.645613,24.733261"
407,CN,Fuzhou,-,"2/F, Dongbai Yuanhong Shopping Mall","2/F, Dongbai Yuanhong Shopping Mall, Fuzhou",,"119.321883,26.058194"
408,CN,Nanjing,-,"No. 7, Golden Hotel Brand Plaza","No. 7, Golden Hotel Brand Plaza, Zhongshanyi Rd., Baise, Guangxi",0776-2855898,"106.624167,23.903494"
409,CN,Wulumuqi,-,-,"2/F, No. 198, North Yan' an Rd., Changji, Xinjiang",,"87.315873,44.023481"
410,CN,Akesu,-,-,"2/F, No. 2, Tazhong Rd., Aksu, Xinjiang",,"80.288789,41.17978"
411,CN,Keerle,-,Taibai Shopping Mall,"B-1/F, Taibai Shopping Mall, Korla, Xinjiang",,"86.152628,41.767983"
412,CN,Yining,-,-,"Building B, Tongluowan Business Dist., Jiefang Rd., Yining, Xinjiang",,"81.3318,43.92382"
413,CN,Chongqin,Jiangbe,"1/F,  IMIX PARK","1/F,  IMIX PARK, No. 8-5, Guanyin Bridge Pedestrian Sreet, Jiangbei Dist., Chongqing",,"106.538854,29.581322"
414,CN,Chongqin,-,-,"1/F, Nanchuan Pedestrian Street, Chongqing",,"107.106715,29.163261"
415,CN,Chongqing,Qianjiang,"2/F, Jiahui Department Store","2/F, Jiahui Department Store, Qianjiang Dist., Chongqing",,"108.79219,29.530558"
416,CN,Chongqing,Yoyang,"2/F, Jiahui Department Store","2/F, Jiahui Department Store, Youyang County, Chongqing",,"108.777732,28.849632"
417,CN,Chhongqing,Changshou,"1/F, Yangshida Shopping Mall","1/F, Yangshida Shopping Mall, Changshou Dist., Chongqing",,"107.089682,29.86566"
418,CN,Lanzhou,-,-,"No. 111, Qingyang Rd., Lanzhou, Gansu",,"103.836814,36.059919"
419,CN,Chengdu,-,Huanglesong Plaza,"Huanglesong Plaza, Mengzhuiwan Rd., Chengdu",,"104.100868,30.667309"
420,CN,Chengdu,Gaoxin,Kaidan Plaza,"Kaidan Plaza, No. 99, Shengheyi Rd., Gaoxin Dist., Chengdu",,"104.069419,30.608753"
421,CN,Chengdu,-,-,"1/F, No. 533, Dongda St., Pi County, Chengdu, Sichuan",13518186606,"103.904187,30.806058"
422,CN,Ziyang,-,-,"Parkson-Zigong, , middle section of Huixing Middle Rd., Zigong",,"104.778015,29.3393"
423,CN,Bengdu,-,Wanda Plaza,"No. 1037(LILY), 1/F, Wanda Plaza Interior Pedestrian Street, No. 4399, Donghai Avenue, Bengbu",,"117.366232,32.926704"
424,CN,Nanjing,-,-,"lily Counter, 4/F, No. 122, South Zhongshan Rd., Nanjing",,"118.789613,32.044693"
425,CN,Nanjing,Qinhuai,-,"No. 1, Jiankang Rd., Qinhuai Dist., Nanjing",,"118.793328,32.024919"
426,CN,Wuxi,Huishan,Wanda,"Wanda, Huishan Dist., Wuxi",,"120.305201,31.681935"
427,CN,Changzhou,Tianning,"3/F, Department Store","3/F, Department Store, No. 1, Nanda St., Tianning Dist., Changzhou, Jiangsu",,"119.960502,31.78207"
428,CN,Lianyungang,-,"C5-139, Donghai Pedestria","C5-139, Donghai Pedestrian Street, Lianyungang, Jiangsu",,"118.776146,34.528703"
429,CN,Taizhou,Gaogang,-,"No. 1, Jingang Middle Rd., Gaogang Dist., Taizhou",,"119.885985,32.31556"
430,CN,Xuzhou,-,-,"4/F, No. 125, Datong St., Xuzhou",,"117.19528,34.268618"
431,CN,Yancheng,-,"No. 11&12, Business District A,Xinghu Garden","No. 11&12, Business District A,Xinghu Garden, Xingyang Rd., Jianhu County, Yancheng, Jiangsu",,"119.80924,33.476283"
432,CN,Jian,-,-,"3/F, No. 1, North Guangchang Rd., Ji' an",,"114.992347,27.120788"
433,CN,Jiujiang,-,-,"Room 5&6, No. 288, Xunyanglu, Jiujiang, Jiangxi",,"116.005063,29.710983"
434,CN,Yingtan,Yuehu,"2/F, Building B, Times Square","2/F, Building B, Times Square, Yuehu Dist., Yingtan, Jiangxi",,"117.038265,28.245927"
435,CN,Bingzhou,-,-,"2/F, No. 27, Dixinyi Rd./St., Wudi County, Binzhou, Shandong",,"117.616214,37.743497"
436,CN,Taian,-,-,"4/F, No. 1373, Zhangbei Rd., Huantai, Shandong",,"118.104884,36.952701"
437,CN,Jinan,-,-,"2/F, No. 90, Caiyuan Main St., Tai' an, Shandong",,"117.131905,36.193931"
438,CN,Qingdao,-,-,"No. 939, Heshan Rd., Jimo",,"120.433667,36.40278"
439,CN,Laixi,-,-,"2/F, No. 26, Yantai Rd., Yuehu Business Street, Laixi, Qingdao",,"120.526964,36.884126"
440,CN,Qingdao,-,-,"LILY Counter, 3/F, Taidong Liqun, No. 77, Taidongsan Rd., Shibei Dist., Qingdao",15318861833,"120.362506,36.088894"
441,CN,Dongying,Dongying,"4/F, Department Store","4/F, Department Store, Dongying Dist., Dongying",18866479089,"118.504229,37.46777"
442,CN,Weifang,Weicheng,-,"3/F, No. 233, West Shengli Rd., Weicheng Dist., Weifang, Shandong",,"119.112124,36.713301"
443,CN,Shaoxing,-,"2/F, Guoshang Building","lily, 2/F, Guoshang Building-Chengzhou, No. 1, Beizhi St., Chengzhou, Shaoxing",,"120.828293,29.591788"
444,CN,Quzhou,-,-,"No. 71-73, Jiaochi St., Quzhou",,"118.875865,28.962269"
445,CN,Laifeng,-,"1/F, No. 9, Times Square,","1/F, No. 9, Times Square, Laifeng Pedestrian Street, Hubei",,"109.415794,29.51156"
446,CN,Xiaogan,-,"2/F, Poly Plaza","2/F, Poly Plaza, Wenhua Rd., Xiaogan, Hubei",15629577750,"113.93225,30.927608"
447,CN,Jinzhou,-,-,"2/F, Beijing Middle Rd., Jinzhou, Hubei",,"112.263031,30.313366"
448,CN,Huhehaote,-,"4/F, Victory Shopping Center","4/F, Victory Shopping Center, West Zhongshan Rd., Hui Nationality area, Hohhot ",0471-2650383,"111.676451,40.822532"
449,CN,Huhehaote,-,"2/F, Victory Shopping Center","2/F, Victory Shopping Center, West Zhongshan Rd., Hui Nationality area, Hohhot ",0471-2205069,"111.675155,40.821201"
450,CN,Huhehaote,-,"2/F, Wangfujing Shopping Mall","2/F, Wangfujing Shopping Mall , West Zhongshan Rd., Hui Nationality area, Hohhot ",0471-3356474,"111.672888,40.818833"
451,CN,Huhehaote,-,"4/F, National Shopping Mall","4/F, National Shopping Mall, West Zhongshan Rd., Hui Nationality area, Hohhot ",0471-6656270,"111.677273,40.820894"
452,CN,Huhehaote,-,"2/F, Victory-Times Shopping Center","2/F, Victory-Times Shopping Center, West Zhongshan Rd., Hui Nationality area, Hohhot ",0471-5290740,"111.677273,40.820894"
453,CN,Huhehaote,-,Victory-Times Shopping Center,"Street shop on Victory-Times Shopping Center, West Zhongshan Rd., Hui Nationality area, Hohhot ",0471-5223508,"111.677273,40.820894"
454,CN,Huhehaote,Saihan,"1/F,  Capita Mall","1/F,  Capita Mall, Erdos Main St.,  Saihan Dist.",0471-5960733,"111.687318,40.803202"
455,CN,Huhehaote,Saihan,-,"Street shop in Changlegong, South Dongying Rd., Saihan Dist.",0471-6632875,"111.701039,40.829485"
456,CN,Huhehaote,Xincheng,"2/F, Wanda Plaza","2/F, Wanda Plaza, East Xinhua St., Xincheng Dist.",0471-5251220,"111.740447,40.84251"
457,CN,Huhehaote,Xincheng,"2/F, Wanda Department Store","2/F, Wanda Department Store, East Xinhua St., Xincheng Dist.",0471-3816586,"111.74254,40.840627"
458,CN,Baotou,Kun,"3/F, Department Store","3/F, Department Store, Gangtie Main St., Kun Dist., Baotou",0472-2136723,"109.822512,40.664632"
459,CN,Baotou,Kun,"1/F, Times Blue Sky Department Store-Baitou","1/F, Times Blue Sky Department Store-Baitou, Gangtie Main St., Kun Dist., Baotou",0472-2169436,"109.851417,40.661909"
460,CN,Baotou,Kun,"3/F, Victory Shopping Cente","3/F, Victory Shopping Cente, Gangtie Main St., Kun Dist., Baotou",0472-2101738,"109.820287,40.664194"
461,CN,Baotou,Qingshan,"2/F, Wanda Plaza","2/F, Wanda Plaza, Gangtie Main St., Qingshan Dist., Baotou",0472-5192316,"109.858817,40.667909"
462,CN,Baotou,Qingshan,"3/F, Wangfujing Department Store","3/F, Wangfujing Department Store, Wenhua Rd., Qingshan Dist., Baotou",0472-3160322,"109.886699,40.674379"
463,CN,Baotou,Donghe,-,"Nanmenwai Main St., Donghe Dist., Baotou, Inner Mongolia",0472-4101816,"110.035035,40.585637"
464,CN, Ulanhot,-,Hongdu Modern Community,"No. 10, east of Nanmen, Hongdu Modern Community, Ulanhot",18647157357,"122.074998,46.085375"
465,CN,Xilinhot,-,"2/F, Minsheng Shopping Center","LILY, 2/F, Minsheng Shopping Center, E' Erdun Rd., Xilinhot, Inner Mongolia",18647157357,"116.089971,43.945691"
466,CN,Ulan Qab,Jining,"2/F, Aowei Square","2/F, Aowei Square, Jining Dist., Ulan Qab, Inner Mongolia",18647157357,"113.116722,41.040922"
467,CN,Chifeng,Xin,"2/F, Guandong Department Store","2/F, Guandong Department Store, Xin Dist., Chifeng, Inner Mongolia",18647157357,"118.89851,42.26044"
468,CN,Chifeng,Hongshan,"4/F,  Victory Shopping Cente","LILY Counter, 4/F,  Victory Shopping Cente, middle section of Hadah St., Hongshan Dist., Chifeng, Inner Mongolia",18647157357,"118.971987,42.281423"
469,CN,Tongliao,Khorchin,"3/F, Jinye Shopping Mall","3/F, Jinye Shopping Mall, No. 66, Mingren Main St., Khorchin Dist., Tongliao, Inner Mongolia",18647157357,"122.269512,43.620926"
470,CN, Hulun Buir,-,"3/F, Huahui Shopping Plaza","LILY Counter, 3/F, Huahui Shopping Plaza, Hailar, Hulun Buir, Inner Mongolia",18647157357,"119.755607,49.219293"
471,CN,Erods,Dongsheng,Wangfujing Mall,"Wangfujing Mall, Taikoo International Plaza, West Ejin Horo St., Dongsheng Dist., Erods, Inner Mongolia",18647157357,"109.997876,39.822209"
472,CN,Erods,-,"3/F, Dongsheng Dist","LILY Counter, 3/F, Dongsheng Dist., Erods, Inner Mongolia",18647157357,"110.010658,39.822651"
473,CN,Linhe,-,Guotai Building,"Guotai Building, Linhe Dist., Bayannur, Inner Mongolia",18647157357,-
474,CN,Shagedu,Dongsheng,"C.bottom, No.17, Wenhua St., Shagedu Development Zone","C.bottom, No.17, Wenhua St., Shagedu Development Zone, Dongsheng Dist., Inner Mongolia",18647157357,"107.412995,40.772019"
475,CN,Iqi Ordos,-,"3/F, Ejin Horo Shopping Center","3/F, Ejin Horo Shopping Center, Erods",18647157357,"109.75494,39.58305"
476,CN,QianqiUrad,-,"2/F,  Xinhe Plaza","lily Counter, 2/F,  Xinhe Plaza, West Youzheng Building, Tianyi Mall, Urad Front Banner, Bayannur, Inner Mongolia",18647157357,"108.652717,40.727858"
477,CN,Wuhai,-,"3/F, Wankelong Shopping Mall","lily, 3/F, Wankelong Shopping Mall, Renmin Rd., Haibowan Dist., Wuhai, Inner Mongolia-",18647157357,"106.826051,39.673843"
478,CN,Xuejiawan,-,"3/F, Shengli Shopping Mall","LILY boutique, 3/F, Shengli Shopping Mall, Xuejiawan, Hohhot, Inner Mongolia",18647157357,"111.24307,39.871213"
479,CN,Xian,-,"2/F, No. 38, Xiaozhai Parkson","LILY Counter, 2/F, No. 38, Xiaozhai Parkson, Chang' an Middle Rd., Xi'an",029-85221228,"108.952881,34.231169"
480,CN,Xian,Lianhu,"5/F, Parkson","LILY Counter, 5/F, Parkson, Western St., Lianhu Dist., Xi' an",029-87239193,"108.945374,34.266172"
481,CN,Xian,Xincheng,"Building 1, Parkson","LILY Counter, Building 1, Parkson, Minle Park, Jiefang Rd., XinchengDist., Xi' an",029-85767802,"108.969614,34.274704"
482,CN,Xian,Weiyang,"2/F, The 5th International Chongshang Department Store","LILY Counter, 2/F, The 5th International Chongshang Department Store, Fengcheng' er Rd., Weiyang Dist., Xi'an",029-86477784,"108.95414,34.323515"
483,CN,Xian,Lianhu,"3/F, Middle Ring Intime Department Store","LILY Counter, 3/F, Middle Ring Intime Department Store, No. 48, Weastern St., Lianhu Dist. Xi' an",029-87252550,"108.949325,34.265254"
484,CN,Xian,-,"2/F, Tang West Shopping Mall","LILY Counter, , 2/F, Tang West Shopping Mall, South Laodong Rd., Xi'an",029-89348631,"108.916099,34.251418"
485,CN,Xian,Beilin,"B1/F, Zhonglou-Kaiyuan Shopping Mall","LILY Counter, B1/F, Zhonglou-Kaiyuan Shopping Mall, Beilin Dist., Xi' an",029-87268457,"108.953765,34.265127"
486,CN,Xian,Beilin,"2/F, Minsheng Building,","LILY Counter, 2/F, Minsheng Building, Xingzhengyuan, Beilin Dist., Xi' an",029-84656972,"108.956811,34.26559"
487,CN,Xian,Beilin,"3/F, Wanda","LILY Counter, 3/F, Wanda, Lijia Village, middle section of North Yanta Rd., Beilin Dist., Xi' an",18891446629,"108.969303,34.249873"
488,CN,Xian,-,"3/F, Xi'an-Qinlin Shopping Mall","LILY Counter, 3/F, Xi'an-Qinlin Shopping Mall, No. 58, North section of Yanta Rd., Xi' an",029-87853750,"108.969662,34.251895"
489,CN,Xian,-,-,"Wanda Pedestrian Street, intersection at Jiefang Rd., Xi' an Shaanxi",029-68666318,"108.969614,34.274704"
490,CN,Xian,Yanta,-,"4/F, No. 123, Chang' an Middle Rd., Yanta Dist., Xi' an, Shaanxi",15309216107,"108.953608,34.229431"
491,CN,Xian,Weiyang,-,"2/F, Fengchengwu Rd., Weiyang Dist., Xi' an Shaanxi",029-89607718,"108.944805,34.335178"
492,CN,Xianyang,-,"2/F, Kaiyuan Shopping Mall","LILY Counter, 2/F, Kaiyuan Shopping Mall, East Renmin Rd., Xianyang, Shaanxi",029-33263084,"108.734275,34.355312"
493,CN,Hanzhong,Hantai,-,"LILY Counter, Lianhu Rd. (east of No. 1 High School's playground), Hantai Dist., Hanzhong, Shaanxi",13892820190,"107.037261,33.080246"
494,CN,Shenmu,-,Handsome Fashion Mall,"LILY Counter, Handsome Fashion Mall, Shenmu County, Shaanxi",13892820190,"110.504082,38.848482"
495,CN,Weinan,-,"3/F, Weinan-Guomao","LILY Counter, 3/F, Weinan-Guomao, Weinan, Shaanxi",13892820190,"109.499215,34.506232"
496,CN,Fugu,-,Xingmao International,"LILY Counter, Xingmao International (at the door of Fuzhong), Fugu County, Yulin, Shaanxi",13892820190,"111.074416,39.03615"
497,CN,Baoji,Weibin,-,"No. 50, Jing' er Rd., Weibin Dist., Baoji, Shaanxi",13892820190,"107.151604,34.377951"
498,CN,Baoji,Weibin,-,"No. 154, Jinger Road, Weibin District, Baoji, Shaanxi (opposite to the Railway Station)",13892820190,"107.157559,34.3769"
499,CN,Taiyuan,-,"3/F, Fashion Walk,","3/F, Fashion Walk, Changfeng St., Taiyuan",0351-7856601/1393464,"112.568883,37.823244"
500,CN,Taiyuan,-,"4/F, Printemps","4/F, Printemps, Kaihua Temple, Taiyuan",0351-8218084/1863691,"112.571697,37.87083"
501,CN,Taiyuan,-,"3/F, Huayu Shopping Mall","3/F, Huayu Shopping Mall, Yifen St., Taiyuan",0351-6165883/1354671,"112.526178,37.879176"
502,CN,Taiyuan,Xiaodian,"2/F, Meidouhui","2/F, Meidouhui, east intersection of Kangning St., Xiaodian Dist., Taiyuan",0351-5271183/1583511,"112.589307,37.749025"
503,CN,Taiyuan,-,-,"No. 19, South Liuxiang Rd., Taiyuan",0351-4066788,"112.573611,37.869797"
504,CN,Gaoping,-,"4/F, Yongxing Times Square","4/F, Yongxing Times Square, South Jianshe Rd., Gaoping",13099043886,"112.93509,35.786345"
505,CN,Jinzhou,-,"4/F, Kailai Xinyue Square","4/F, Kailai Xinyue Square, North Qiyi Rd., Yizhou",13099043886,"112.737973,38.434508"
506,CN,Datong,-,"3/F, Yaxin Dafuweng","3/F, Yaxin Dafuweng, Jiaochang St., Datong",13099043886,"113.307082,40.094649"
507,CN,Datong,-,"4/F, Parkson Shopping Center","4/F, Parkson Shopping Center, South Yongtai Rd., Datong",13099043886,"113.301388,40.073057"
508,CN,Changzhi,-,"3/F, Huanuo Shopping Mall","LILY Counter, 3/F, Huanuo Shopping Mall, No. 184, Yingxiong Middle Rd., Changzhi",13099043886,"113.121605,36.198314"
509,CN,Jincheng,-,"3/F, Jinnian Times Plaza","3/F, Jinnian Times Plaza, No. 438, Wenchang Rd., Jincheng",13099043886,"112.872346,35.509804"
510,CN,Xiaoyi,-,"3/F, Xiaoyi Department Store","LILY Counter, 3/F, Xiaoyi Department Store, west of Fuqian Square, No. 292, Fuqian St., Xiaoyi",13099043886,"111.786959,37.148059"
511,CN,Yuncheng,-,"1/F, No. 1688, Tongzhiren Shopping Mal","1/F, No. 1688, Tongzhiren Shopping Mall, Yudu Ave. Yuncheng",13099043886,"111.004223,35.032026"